wind_mag, wind_dir
5.38633371345172,270.660084424774
7.60808575844153,268.738083767002
5.62805776467042,270.711254210868
4.71068852489557,270.382401248095
5.60965906266439,271.351158570028
7.32010942046653,270.465624867827
7.32110170585416,270.442039768965
6.49894940518463,269.507109201189
5.71752817303857,270.045953809019
6.27092319135274,269.203248375064
4.66953387767981,266.91527727995
6.60858139993464,271.086954982576
5.16828599030006,268.544160019152
7.22616654586161,270.373361216631
6.6121432430152,270.475875505564
4.62010436699656,268.31375240483
6.35141468025349,269.681620534159
7.7805784940396,270.817572536391
4.77968491890811,269.83165965762
7.1219753638881,269.168769296264
6.84427603493792,269.277975655779
6.66288391323369,270.42841981142
5.21883691278817,270.415132582555
5.62536801559343,269.882361291818
5.95339096141539,270.562483569931
5.87705470901139,269.779170809645
6.22321662622542,270.681990895912
7.93132391972881,270.320415492625
5.98142600266872,271.491817174834
5.64829723876993,268.933777268983
6.45529967313689,271.15877694026
6.04994365946402,268.945020209593
6.85002792988815,269.708395439073
3.90390843938093,272.702959909726
6.85859944778447,269.190869590179
6.25479597300667,270.803130041758
6.25542260261666,270.654150590079
6.17261605704296,269.428975734413
5.54708855850753,268.932839344517
5.80701049703994,270.122689323948
7.23575330683854,270.53257332853
7.28560447281589,270.057868769888
5.67725027075755,269.860943244416
5.70686266966668,267.297674605103
5.76223836116883,269.849790523286
7.09005550768332,272.549297059744
6.89618920149297,270.101196263795
6.73469764584215,269.865534936835
6.10145044717643,270.547547772665
5.63710101655505,271.50353019746
5.05844791228879,269.895060339132
5.53254020477475,271.463254113719
7.84214343760117,270.955054563791
6.78600186211011,270.235000918979
5.30315554285488,270.105662507728
6.41489988443324,271.139597926396
4.89662341474992,268.780414072609
5.18837396557761,268.838491485501
6.21881795072804,270.011251330035
5.4832936660587,270.247159339958
6.26406389152504,270.738318920625
8.35569059972048,270.215421242848
5.77473043262984,270.465270144822
4.88980649379829,271.764926454536
5.43623273538035,268.898834900146
4.78325109844228,269.397214227359
7.14564392823419,270.14434790985
6.0895170079879,270.368048111949
8.19235359692897,271.407801267325
6.13042311075739,269.35066154347
7.48869375148435,270.796026024272
4.09117669940508,270.239800109614
4.84858403879611,268.641213616837
5.50619012241676,269.455910773019
5.28222487186123,270.274042601698
5.29414606396848,270.103127216139
6.34503424549494,270.090692397645
6.28642322137686,269.973151122068
6.62619383841331,269.761794325705
6.38605471765137,269.787822544321
5.08271391386758,271.690760117119
3.94151533178712,270.071745432972
4.39856610513383,270.773558857501
6.24614386835769,269.240471462861
6.96013037240954,270.523593839666
7.73189743627629,268.73160053021
7.1183424329083,269.795854804751
5.73905483934047,270.326447032967
5.98886529225558,269.001953626389
5.64261966172062,269.909090006002
6.17748488632962,270.054972795901
5.87625251750858,270.118434807061
5.2516123724994,269.586952307447
7.12303033926635,269.729049840808
4.29462421044208,269.938454230065
6.49842404398383,269.589688114134
5.41471973111354,268.71131765226
6.36985030134963,269.720184919429
5.82460047151909,268.958929143904
6.70917748897941,268.955059672015
5.85517448443323,269.969763691249
6.09496891431656,269.815106921033
6.44018145588273,270.410142760947
8.49221761493837,271.270034005193
5.33242234064068,269.210574793563
5.86654746485629,273.213788019223
5.23612917256006,269.829230123224
4.86756804074793,269.514333979255
6.00344325306168,268.308493199153
6.21822990930001,271.54340736607
5.89264101866631,271.276564148718
7.28509057182268,271.537049280919
6.33224986400151,269.423955573113
6.4587888620974,271.188231517919
5.30944569785389,269.31971143873
7.08884881726452,270.620152012328
5.88890379016413,270.178480330883
4.67722317592178,270.236163444008
5.72062244230646,270.810775872844
7.37473613302391,270.154109001971
6.67754039132604,270.539912933612
5.31226148056593,270.012796090691
6.43426424352423,270.330453638148
5.10382478438536,270.188303152036
4.50413759144265,268.417324840979
7.36191463353452,266.891939440772
6.0419234166519,271.146443417555
5.2681365821155,267.393623441613
7.43812509907151,272.748860647452
6.07436120444738,270.075154298319
6.87447391205226,271.162799221526
3.19200835304934,269.032246389591
5.7818494994754,268.322503086837
6.03476842243092,270.129698893819
7.16116042444138,270.811414838967
6.33632009663839,269.339896758945
4.26228575726268,269.850302864823
4.25679901035999,269.348135477432
7.68538771511675,270.279763777531
7.28140484938846,271.53234113707
6.51315847352272,270.173645426844
7.56919872210932,269.930601171238
6.54585614255582,270.515842706105
5.82077243411083,269.275367550517
7.00805435768554,269.457299724715
5.52607517701738,270.349399647704
6.12450637394757,270.563603401342
6.29855987611905,269.363152698381
4.45408807706547,269.962676695054
5.71671031030967,269.864820707684
5.70466937263744,268.871957621272
6.13847274449139,270.28330814512
5.82692627435425,269.88301426965
6.61574012532077,268.694882985014
5.05821707071209,271.689953955159
7.29219026318674,270.417713664372
7.23174812091445,270.220757481746
5.56152187938137,268.602900739542
7.17946441612719,269.638972281485
6.70786814904683,271.664690280826
7.0234857913641,268.539180759659
6.37025568666822,271.460418260118
4.60935818380772,271.258377765234
7.23787661452978,268.967079274061
6.60656461416637,269.103624228702
4.85894280214523,269.17305282935
5.38333770775429,268.711395599199
5.4775193419819,267.841372526072
5.94428766581358,269.459831977181
6.68058119426084,269.721056969412
4.70285492980009,270.523337988376
4.66308091483184,271.486300497859
6.32096295225951,268.974395856099
6.56593430737229,271.485477154821
4.56902184762213,271.565121864602
5.80355501314809,269.149521556067
6.56762108505721,269.375420517563
8.99604604536203,269.19459489344
4.80222536226439,270.78357488354
7.32152094485278,268.636169698499
5.55286893864011,271.528500466676
4.50830067147711,268.321826134576
7.37565056048971,270.065946330863
6.30335594104223,269.099877667465
6.32501525871422,269.821216525653
6.19593962785027,270.003990124491
6.67476154605461,269.973483405847
5.85757053921202,269.100966123516
4.10321508957918,270.870989644608
5.60622942704344,270.456256164172
5.46930146940287,271.220073024555
6.22157979370114,271.694195943098
3.98669578884231,268.493493194864
6.00359638896411,269.83754462453
4.92848711826898,268.957279313672
7.85954474955355,270.078964869541
5.35264818689404,269.652743015968
6.74433606636094,269.106038145733
6.07311916288035,270.85726508097
4.53337475391513,270.685882976115
7.40353479946443,269.670487853767
5.63515100128774,269.01226837589
4.30337639319991,269.917019203558
5.85248905297457,269.931320965256
7.92538725259553,271.150579104077
3.86276346411179,269.834346179948
4.53889688728859,269.716008781754
5.24342689654925,268.429207422066
5.47840480252995,270.489159868498
5.33692158091142,270.60755807877
5.11766090929133,268.985063807322
6.04986193771242,269.379979413603
5.01143450532696,269.181311709753
4.31792780484868,270.756859651423
6.45402993520224,269.730710032246
5.80359335953768,270.139069153737
5.72160116660223,270.05635676101
6.72396245754434,271.54645277356
5.58501691999466,269.601053941365
7.42182449189896,267.969965013153
4.9715993394376,272.230998497956
3.46083348307337,268.678362900209
7.10436165566869,271.319790308234
6.53317699237005,270.953370498998
5.61232580267473,269.876552616674
6.14930969894674,270.785972562922
5.65871012420831,268.633358985169
6.36941297624533,270.049856146529
5.68065290672194,269.576989400015
4.20734192733715,271.582219146706
7.41689348559572,268.827529157165
7.72022668654158,271.856017992986
7.05436355913427,270.646102500447
7.61061851442442,270.992977778172
6.77405625016866,270.251670590741
7.08167854658106,269.985522412069
5.61764642901745,271.167488583426
5.88990773028518,269.386142262164
6.2599746072129,269.442805412586
6.51789492323296,268.597683759387
5.31934788238237,270.427493943459
4.19906291522372,268.96077811714
5.95848874585646,270.798644119752
5.9897601066654,270.861770811549
5.33340168377594,269.920437233558
4.55418764053014,271.014835660464
4.05825071709726,269.392343068835
6.46509341165678,269.134270431203
5.16230855327458,268.743258881704
6.35613941795425,270.231844590555
7.07476162475106,270.057509453867
3.71091451222324,271.461214890211
6.55702463128011,270.317946401191
8.41153618017618,269.484658249881
5.3258658810417,269.372799084794
5.38078705700896,271.478654979057
6.66760161488697,270.050408236854
6.74885860980512,270.878541629136
5.28343177665678,270.449366291298
6.05399683039703,269.608549739209
5.47220312422735,270.545867123783
5.43098323400013,270.630933060134
6.83867741472087,268.906854490132
6.58453708870133,269.704955866779
6.19409862825311,269.857646896613
7.88349215236782,269.87224887808
6.28063452025945,267.702851748454
5.39646761931446,270.495867961665
6.85999588389909,270.3555719798
6.29237789591376,269.103666582257
6.60822830586786,270.0226657527
7.25982563636186,270.607988785522
5.06684266596066,271.582843387026
6.60391481545514,270.802618301683
6.09551950547788,269.959618642749
5.44291230366049,269.021506619236
5.16444524529173,267.84966047868
6.09233730349696,267.897809587855
5.04569996267985,267.576466709865
4.16082785742661,268.286794027347
5.47977097192264,271.355135700786
6.19220718203472,269.802270149427
5.53772505397037,269.685583512456
4.96805399342293,272.317125804302
5.05241693286646,270.66960630794
5.66432091062256,269.832819278079
6.29292904277135,269.080232190695
6.09354852904676,269.376317619916
6.23191089718983,270.338324424727
5.34688280849899,270.691480149032
6.79928766226582,270.515842745804
4.705927470127,271.014044713873
4.81759848232049,269.710592793682
4.97054332585072,271.863080185934
4.45153395364903,269.546140933807
5.58832871834777,270.138059161713
6.68562947769692,269.646293487091
5.32638893718978,270.279771663948
7.08471167097665,269.696882448865
4.61308051050163,270.323438501844
5.13727386905006,270.019404187616
5.45510930185456,271.754153414215
6.40293488008985,269.24642803816
7.04696556416782,267.776441330624
5.86869221247477,269.849034914801
5.29571324237384,270.040424209194
7.92932524382097,270.552378799869
6.10435682399385,270.851649149764
4.17637182110547,269.031319075195
4.49574214263175,272.204972086647
4.49895862099761,271.070322810932
6.212384749856,269.400839390446
6.44957531646812,269.464649661736
7.4553501231289,269.632497497919
6.33007062502963,271.071479494929
6.67038547690687,268.586694921196
6.07032589519502,269.717439835105
5.41929650598408,269.965971462025
7.46612826585497,268.63246072271
5.74980961902456,270.559647186464
6.09959732669553,271.458408504584
6.21674455485497,270.649789468061
5.65147397975654,270.253700044876
6.05302402482123,271.774143905596
6.352644497063,269.160727730321
6.42239545191015,270.54770729031
6.49992399190282,271.634066085899
7.4374776772876,270.560891637678
7.98517379690306,271.102410683106
5.48093890502307,269.241380737364
6.83151731205214,269.373303893343
5.30981208970728,270.129971645462
6.35030819522181,269.194068515674
6.7624894557461,269.827525964862
5.27114915082301,271.003884383844
6.76825650250849,271.501297768591
5.62055252691998,269.765019737691
6.22404455913084,269.645749383715
5.84778848586067,270.742093927764
4.77151413408179,271.334798288808
6.28799119918336,270.413245778469
5.56233755703077,269.386922396836
4.79998733128706,270.841214246409
6.57681827483782,269.448807951341
7.54406294121594,270.96043805526
4.90317471399687,271.584605589926
5.34575960780557,269.565679202857
5.16448220021838,269.85675321857
5.926404328139,270.092534698993
8.01684630925994,271.235604470976
6.31944663299147,269.095781475278
6.37588607055738,272.398742616205
6.6190274885506,269.619580757383
6.85129089438961,268.843564609132
5.17071560668701,269.503052220502
5.55220943419807,271.168065794704
5.14049946162058,268.58455469738
6.73138062850937,268.547923712496
5.02184104088948,270.315350463108
5.62859748220155,269.69802097072
5.45664389695969,269.6372304168
5.62874561573241,271.661800765778
5.7078213568391,269.061315696258
7.43002601249282,270.846210528498
4.99140376792524,271.034426517014
5.84680510786491,269.928580792571
5.72259884095953,268.991009743587
5.80843546788181,269.930851985862
6.45438991234598,271.022328857862
5.39879851618962,268.371874508442
5.42492558020916,269.314209295682
6.09747348517606,270.041848540609
7.26263013427753,270.709029950051
5.80956854227467,269.970286591895
6.46844577309469,269.61775054486
6.6329201820261,269.833010451239
6.20417085962879,270.599856271178
4.79344547829802,269.86842290514
4.88897362248473,270.699263127184
6.13804654952748,268.418084193313
6.13941334472246,269.458048814579
5.82702793610637,268.383052543076
5.67634312860854,268.75819780415
7.18977641109683,269.398292504233
4.93459996056658,268.891132566013
5.7929286702027,270.272494562306
6.51237237223729,268.653933013698
6.32609920549789,269.942615431593
5.65828385423127,270.089626268084
5.09007745966999,268.34204695219
7.49030572073736,267.619159304199
5.17036723405417,270.630541648784
6.58069460055605,269.264671149082
8.1099770579041,268.859377743035
8.42848417309213,268.634038255793
5.8083046023314,267.561375946446
5.93931344103333,270.716984792892
6.21312724621282,270.187517121257
6.57661638282066,269.465219525593
5.07272824992955,270.203035578628
6.048126330953,270.099608455312
6.67734979988678,270.628424841199
5.36331050637965,270.112438333433
5.98776714906389,268.385149366231
5.71003612082444,268.012718681652
7.77196536045314,270.460766555131
6.52324560697869,270.726505483176
6.64849007787604,269.35669273148
5.68745906659107,270.027516467113
4.71416581741948,270.332121845626
4.27559791099748,270.495621186911
5.66789206884078,271.303741780975
6.10881982423351,271.803371228213
5.29484242881016,270.036759998662
5.24220979512439,270.350140972396
4.4856313564522,270.034889365648
6.90617616934747,270.68810563756
6.40662342825167,268.217583159038
6.22762205423557,270.110171356972
6.0674187801147,268.843960587683
5.94259241489145,270.541451618558
6.27285906324818,271.195933503107
4.98398858416551,269.434388373443
6.13626306431952,269.173662409866
6.06694670295596,270.075374134157
4.93438601265338,270.329916567927
6.77886654929075,272.153909446732
6.91162164261691,271.000700305263
4.08149440233913,271.174833862004
4.92464748452937,268.515929178082
6.48433194369899,269.578047342973
4.9921936141689,268.051746378405
6.47713174226786,270.349236502117
4.82950844794149,270.959358016221
6.12691607820789,271.207951873898
5.48324527712617,268.711388949616
5.74878835752175,270.47273741052
5.26948052465328,268.469488784513
6.13448216649437,271.066001652586
5.98560508141356,269.50666157016
7.15599438002093,271.519378196054
6.39749469365986,270.534426907993
6.77661885615704,269.835883547581
7.27583805375612,271.531515524186
6.33841168035079,269.341480675266
6.70624668131405,269.733789731795
4.63071165069647,270.655177310403
4.2211263906139,269.710136571791
5.5109524348603,268.489451544708
5.84454395116163,269.477530198098
5.91026109553689,268.926481546609
6.6962980516459,271.108366436415
5.74352343947111,270.500820429369
5.10996192508603,271.62366425881
6.65384506531012,272.061476656599
6.01824051810869,270.262586684353
7.7722005594248,269.898180590371
5.46079454152017,269.526867719088
5.38993742656098,269.484504990769
6.50631215241866,270.5273634361
6.33393760190929,270.165302487293
5.72124943655514,269.327456691675
6.84303143484833,269.820634269197
7.0251903707465,269.916964005894
5.71648697507917,271.330821795314
5.28245367982857,269.316657106893
5.82391905086127,270.864924552163
7.71285887966998,270.375563001074
5.86305038549147,268.056717495344
7.26027074744804,270.52100891726
6.36675508813164,268.831323459754
5.52760383281598,268.811653784216
6.43004486652908,270.455621329751
4.29884616846658,270.601497506167
7.63675856916315,269.818173247536
6.95521343429039,268.19006821413
6.78688449810349,269.710818246337
5.68915721569592,270.184252179388
4.9403577581121,270.053744589963
5.43524711101614,269.951726023452
7.37564487212021,270.59710138492
7.07229329530606,269.738197604386
6.9572783362468,270.01930366365
8.55119814303738,271.431415634367
5.58455385387267,270.055375455539
4.77593491683854,270.374433471039
7.11352617943005,270.099463855359
6.10223915792875,268.545618973958
5.39009984582697,270.017690258334
6.4292245349561,271.952640660979
7.13692971600042,269.228527877915
6.54770050658165,271.082308361698
4.41120025561401,269.473029239521
7.58683792254889,270.217450454197
5.01720822137872,271.222139021949
7.80067511379245,269.369433811104
5.42982005408727,267.895123242258
6.41882638497578,269.607276934071
5.83573116978094,271.314793129308
5.51745054989412,268.868801771786
3.89828637568451,269.597567636961
4.9291189977554,268.706168486182
5.46577023034696,270.521253462225
7.28366849314732,270.090805894264
6.99328729363792,269.381761767845
6.91740534862931,269.765891750289
5.47412901327329,268.703437251579
7.57379874382903,270.459042577309
7.55413012109102,270.190367012531
7.7422954310441,271.269063627701
4.86405844830615,270.58582368399
5.83188692340726,269.398015760513
4.16484774362096,269.462720616616
7.07117368338329,269.908641586856
4.91497989187985,268.964329989684
6.11442126194026,269.234268330871
6.41426151405774,269.800329556679
7.45366661721769,270.402615672788
6.19022476819347,270.272134673605
6.67761182501973,269.443884242923
5.48034982055052,270.816418550864
5.99074770923683,269.530762795791
5.47973667617115,270.694037655662
6.61125498611502,270.298787631034
3.11198467771074,269.835435130671
5.4693197145902,270.956250359882
6.32118270313582,269.72578169707
4.60175460889659,271.161391676208
6.44697741506389,270.313224422966
6.51974138470237,269.163840639771
6.95176041698331,269.752759880749
5.85362720496529,268.122247939498
5.6677490867257,270.311277816642
6.08297585929915,270.114696988933
5.20133154339773,270.741375000282
5.0804317438323,269.170226412688
6.0482226127004,269.653853824679
6.47980153066014,268.211289516844
4.14521798717406,270.115881361828
7.64256843091818,271.657138242976
7.4879596111948,268.284996994958
8.06020548603219,269.764655202035
5.49244124116374,269.918736874431
7.28963526317034,268.979315913816
6.28285991846632,270.903069175749
5.7412554661103,269.028150088508
6.70696781920838,271.493788606065
8.61399724608901,269.302692077017
6.95182547892392,269.52339357924
5.08402577186041,267.696501426409
6.8843031329175,270.903835961691
5.23123097226081,271.156717431258
6.53533264202102,269.938897286903
6.08702065700324,269.642407284015
6.43351283415885,270.37764288602
5.48492799045336,270.27961771117
6.20595582857587,269.060086123413
6.90146743032656,270.474504748959
3.9845060758525,268.717618755144
6.29519346384288,269.919248624619
6.33364588000552,271.672128829818
4.31466563568469,270.505347517176
5.89515634933044,271.188826932296
7.5081850955875,269.483417585038
5.9803020163372,269.684972793166
5.02329361295384,270.821398216777
6.65270012193044,270.324223609289
5.56770611168857,269.8863880839
4.89824396574898,269.307422233864
7.743564001645,268.334764507508
6.53973411559739,270.729041564364
5.97909033401054,270.462597771795
4.4143063513461,272.758268662003
5.69338568556527,269.761850003636
6.36287140001333,271.12428561722
4.52319289677558,272.455081935281
5.89713641418218,270.062619917877
7.05425518652083,269.422089962794
4.91641769185046,267.686231931552
5.82823168568228,268.235926583841
5.32221857386952,271.193662203734
6.02289734037506,269.414039399639
6.65508272545188,268.870434076411
4.68691596439558,270.425793323944
5.97059028573998,270.240129648419
7.19240066877537,270.56484079477
6.74517677475752,269.827598105488
8.0235908232798,269.104910438511
6.11589992854078,270.087585798395
5.45866764340685,270.691511007051
5.85742669059805,269.453676495362
7.49747342541,269.126434272761
6.76574990441127,269.408447683638
5.21916683203922,270.716031688886
6.31276057926778,268.471428942789
5.19202052285144,270.314520072262
6.34676052697725,269.672349948561
6.0671741354769,268.650558854136
6.53313284200686,270.118818176055
5.25097297282498,270.780767298732
5.91638343121831,270.350056042619
6.59041298974372,271.818374035804
6.0742988652589,270.74567792166
7.14159435296074,269.942211692216
4.96633829197394,270.721286664398
6.62758707064051,268.870952983528
6.19958506220338,268.725181104937
8.2572256118526,269.336148135641
6.80487841446452,271.312734988691
8.14012950355516,272.073162222766
6.35982690873645,271.143773501246
7.61274411779659,270.406828425775
6.95468859928335,269.705022948819
5.74498468634527,269.986555637065
5.56796992722879,270.297525870866
6.16888072693108,271.114045349663
6.48100369489466,270.137312841223
6.85055370005712,270.155411073294
7.09492677136705,271.244724380253
5.52864725488619,270.687839649304
6.30957687203849,271.676331843933
6.48637055648315,270.781769607219
5.3376520244283,269.505611258714
7.33886041186546,269.715066855734
6.22131979483094,269.543496771419
4.91687328300341,268.615644408726
4.31338029657078,271.190097479738
4.80000253630765,270.111591441853
3.94931096514066,271.694501026744
5.4232294930209,269.052603335193
7.8132023098934,270.845563464883
8.13719718700759,269.338923592059
7.56133756330225,272.03245437824
6.49103272095938,268.952562056696
6.20121616491771,270.418666028527
5.56135922254814,271.293374106526
4.76469343537788,269.465763986085
5.94979514540421,269.751282776081
4.92448258866229,270.174193275389
7.30688266504396,270.016071082007
6.33669353701057,271.125832093569
6.5708949650162,269.609048910401
6.93462343100948,269.097012973574
5.36128780145859,270.16273009597
5.53431592344791,271.280649004743
5.80328705640086,268.830194814324
8.14695208749075,269.484365659875
6.58796102129589,271.536913667731
5.55461383817995,268.489860363532
5.93943618050265,270.50042640238
5.37482600923843,271.922314318433
4.05799062113441,269.679715380797
7.70176454027652,271.968801902498
5.55242764881085,270.151372599973
6.8140113583058,270.423507846042
6.55161165654486,270.177011832137
6.705116335856,269.681005824727
5.17590675349422,270.97282286724
4.60141570955027,269.927101081269
4.73443915751044,271.455886167529
6.68297649757906,269.971221052094
5.24197425442454,270.509426031651
7.37166106233454,268.971308001767
5.59379947568674,269.765690545702
6.51354134328797,270.325845961385
5.8735458320402,271.001561970419
5.74836417825644,270.246242231943
7.32739664520582,269.639072635865
6.53229879868206,269.079896107956
5.92515120471621,268.747539742344
6.01861786377801,268.809551812559
6.24748023286788,269.880045872313
4.71606041260994,269.912491153528
4.70426051403174,269.757832901449
4.73515175740965,269.510023464209
7.26882029312275,269.838657883253
6.71485427419939,269.82091136926
5.89667110826365,271.120792703918
8.08937405334457,273.235949345298
4.88868178312066,268.452157296773
6.7510681810021,271.975775406579
6.29492279832632,269.754718129054
7.0583959960681,269.382094335795
6.25877765533151,269.049627737659
6.04864685803063,270.73020256895
5.82264687276377,270.23543131091
5.42485093735515,270.193033409794
5.25431611465794,271.25526416239
5.70304127983627,270.193554492259
6.62244994776153,270.323974592338
6.13452054098807,270.291512182941
5.34999853429428,268.875267263264
4.95057317895212,270.262685154052
4.42687236321965,268.608054300829
6.80485067005473,270.202238596719
6.27920494124265,270.598131993689
6.04409651955275,269.683469287879
5.76371622730017,270.057095952914
6.65019452305924,270.206279159412
6.10653239702319,270.973838335343
4.90547909072789,269.906680567823
7.29243938386349,269.409961332619
3.5758455565847,270.220878616668
6.75404237002427,269.19801674672
5.97894256281629,268.928171086414
6.20089940346617,270.566034088962
6.34611466782933,270.777508416569
5.38262006441663,271.840673482466
7.58268949871346,268.531446164063
5.6399819940998,268.62302602906
5.62563124614039,271.117984505003
5.12533804488038,270.815749718953
5.15841480303742,270.758876187637
5.58358160717947,270.377252743444
6.22921614029235,269.983794010068
5.10948809458494,268.834078805266
4.70085089448456,271.626992603687
5.52425242101059,267.551228752941
5.88258463958489,270.686674343217
5.83635029276057,271.266565100399
6.85494220581806,271.530798098942
6.90417351163386,270.011130109043
6.28643299036601,270.559912580066
6.01720065613145,271.040791077365
4.96089719822508,270.253300708024
6.57753223517464,271.011272016031
5.87165476879005,268.781352176069
6.46211679769526,269.331688260144
6.4773956081338,271.92589552451
6.35554620435382,270.930727746192
7.07507479012442,270.566424355726
6.06839947290151,270.089774851204
6.29941905513884,268.32281074123
6.20808048961385,271.035395690696
7.73082308226386,269.426629045645
4.38750162526549,268.498199059729
4.03761451057793,270.889702732748
6.46689397680359,269.111902357286
6.90829453831632,270.413140153823
6.14712781241994,270.352980604671
5.20330140026337,269.548464962544
6.76738299141659,268.731994113346
3.88988753309973,270.833516523455
5.20200822841021,270.409747642529
7.22662266368357,269.896722070434
5.05957175604852,270.520462094929
6.8409331927629,269.823624384465
5.21824027055575,270.918566302772
7.40106390583743,268.834340219097
6.18794617025421,269.785892900748
4.92918410565218,271.693973298028
6.68923924332275,269.294252588031
2.80357961153524,270.743643609114
5.26817380835588,271.269502255944
6.59031516765018,271.149591547468
7.00139710589201,271.282448478069
6.25989909427641,268.737216004461
6.56613484116931,269.942676408525
5.1532953113629,268.186869640135
7.52268235095189,269.42975019992
6.17953535608261,270.091923411075
6.28775195923514,269.729685595185
6.84985005678922,270.381946951578
6.51749897538098,269.785763797919
6.31290039827578,271.136376322663
7.04258947648723,270.545902537757
4.331128580604,269.468967356116
5.28440943553774,269.937783029112
7.12368643462755,270.554118555111
5.66291029581589,270.918201681256
5.94473516911791,270.404579617849
6.82441084860816,270.577506052527
7.54466117832163,270.482752697955
7.25750680123222,268.892811444778
7.30052652987969,269.680933491573
4.0772335081025,269.641198501788
5.70238658579509,270.475924173336
5.54342503708919,271.157881669492
6.04666114627569,270.171313976513
6.16634917341703,269.523968742081
4.98137741122719,268.270247743017
6.5283530603915,270.131467383293
5.53207576380528,268.152294401326
6.64196355383706,270.772946751947
6.76643456498926,270.552033729058
6.2536940342773,269.910383957864
5.67343520380446,269.334310696628
4.47067380986441,270.654824205498
6.30066908391215,270.096048638606
6.73933468128634,270.897763538343
6.18002114246695,268.701773819988
6.07696125270217,269.723739389775
6.55726529720391,270.415566486047
5.65331177384745,270.733446506433
6.53158939833587,270.417093019583
5.72137852680948,268.343392302678
5.00365706721389,269.957276843152
4.23733416737298,269.196761013604
4.11175451592933,270.172811611494
6.4697173323726,269.424185068955
5.05666175109588,269.799190328661
6.22566038744433,269.392505129848
7.02871761117354,269.671174562927
3.75492782841086,272.277416326752
8.80117888867387,269.855679072921
5.1575290284922,268.908559331131
5.9305595476066,271.023833659884
6.26080602455063,269.39198953539
6.07703928623505,271.591641747341
6.28862620966286,269.588143389743
5.69154526630307,270.472399023978
5.36271257171614,268.926211579498
6.96941898042419,270.116681765085
4.7901148118009,268.191704722096
5.27491771077231,268.257958962814
4.27525141147628,270.216081139117
5.39067428294065,268.313498866204
6.72338727145341,269.105391827732
5.64061134852672,271.807388806669
5.35128128114157,270.698124826405
5.64787156636227,268.603839297711
6.30500126429683,271.406340351095
6.02337717332866,270.191580228792
6.26735649346663,268.422179790621
5.66621171439652,269.778040316747
6.2437223815707,268.163606273313
6.02604429133902,269.380849284918
5.39809330665654,270.125951896703
6.4126407555681,268.660808173495
4.81773473942999,269.752996195693
4.53430371612421,271.946985587967
5.87202260795789,269.777984311057
6.48141699180279,269.253991744224
7.7928677015193,269.214515979163
6.27681381822699,269.978848201563
5.54555530998158,269.555843791171
5.05587549791235,271.539560588487
7.87402835160603,271.311355378654
6.57120092022389,268.24456204524
5.48616090165804,270.890736486856
7.35342063165207,272.430393695549
6.74371675723889,269.01809602659
5.90159347099388,269.349871659472
7.72099878009974,270.386491286893
4.92657511028672,270.609573824795
5.36107795530617,268.972233327677
5.96195235233369,269.319917010401
5.25432760769089,268.513633925704
4.13318388654328,269.475010399387
6.17018891057637,271.810249030309
6.27713769839611,270.304342798099
5.26529602316755,269.094642401143
5.90990788913881,271.235619274482
6.76266185918919,270.368268120333
4.06420059652545,269.458797139392
5.92132989012066,269.227344882506
5.22537660664628,270.97625757271
7.09889313267237,270.048108285478
4.69760384422204,270.93426228682
6.25036160646655,269.212348466089
5.86571271300893,269.832636394233
6.34551135790309,271.365277652604
6.29063057324659,269.684297682266
4.87187088579444,268.828644015052
7.75495066617456,270.036320145136
6.1557744272255,268.828979423572
6.29347552638189,270.336887228364
7.98387621242403,270.066951830272
5.08975865581701,270.178587837795
6.35682948368552,268.480924086205
6.05163454489339,271.672231368906
6.45714682119571,269.318638170488
7.25741692499517,268.970856480251
6.82005528262524,269.638854484388
5.23906272846448,270.759845602066
7.06036918832489,269.998232469247
5.8727564245084,269.715683767381
4.3070262702402,269.187964550349
6.71609364218765,269.861460902963
5.98090853985189,270.119755235116
5.66860113072366,269.662714851577
5.28922834101687,269.378835214465
7.35709438651573,270.876514200609
5.68781135240349,270.491328523955
5.25150504997158,268.401069330316
5.67604398172217,267.946871878663
5.81526230803248,271.231332652361
5.89959450190187,270.355333466393
6.60815713769187,269.845598495433
6.28397659526382,270.810549031513
6.33834548560028,267.815857560619
6.61871668234002,269.588144728318
6.17789720209594,270.433151643304
7.3899687524174,269.578558517548
6.61126207431994,270.331645945817
6.11912859864433,271.263053134367
6.02297787394913,270.041385133079
4.60113805979818,268.925194352654
4.47375203811217,270.501819453125
5.88218874789433,271.662421709395
5.30026060629265,269.428813056437
8.0585979510679,269.397879398427
7.37372641202181,269.307623787798
5.40906963849149,269.781250464882
6.79391588334784,270.529513406182
4.24565531397741,272.219159782336
7.62013319678746,269.260112993688
4.97782381981786,271.034125292648
6.87870043368771,270.537652995086
3.68950794198493,269.548558757745
4.20473140045655,269.060651911432
6.03471039628832,272.250247622532
6.59619355525068,272.286718778616
4.98310129431336,270.820998421229
6.06231640847337,269.505412663454
5.436155027798,271.363402530172
7.85820595966453,271.429497784024
3.84431713667573,269.57311369765
7.43598143973795,270.282474217852
5.72668077108355,268.375105634557
7.29161562953284,269.447120400507
4.187140823133,270.51150956578
6.2581110567398,270.428047820229
6.98865077171088,269.228393103075
5.26385683008736,270.780920933644
6.60204373588144,268.813246571884
4.888977553258,271.060550757184
6.409722251498,270.389358044081
4.85026535761727,269.645781396307
6.90170450209402,269.639293669825
5.81049762343109,269.327000946895
6.2247418699606,269.402049612339
6.87239666910281,270.797630291824
5.33894573001992,272.175638329062
6.74206355653592,271.448284159743
5.23509944207788,270.138214529059
7.46293752160052,268.828419038027
5.42007014223934,268.790322606531
4.40605077443307,269.075367114018
4.20382357687667,268.946015738318
6.69896894977524,269.654492264984
8.3102864375453,269.982294225638
7.20355930180428,268.957923847846
6.32325000034881,269.459654435368
5.82559243773931,270.780571869933
6.01734079871051,270.335634337161
6.74265018610143,272.455076950225
3.8714949269997,269.758729175533
4.89962316454646,270.093755998713
6.50234411077548,270.114416030717
6.88539990718378,272.408824761517
5.70825939892275,268.827838271292
6.43911137801784,268.901151357102
5.93817497209249,271.116526458681
7.20605790380388,270.375736203627
7.03456675538385,269.618474043745
5.31211517106609,268.748639011151
5.18135980652075,270.109596677826
7.17222936782436,271.784784614961
3.98875351339213,268.727168070252
5.62650257261378,269.109921928165
4.08627438328252,270.733107069016
5.03161218415896,268.850802796538
6.53607557960911,269.417392765344
5.16187384103973,270.301713386914
9.19657442858431,270.17990327737
6.47737780741351,269.543582702081
5.75079951041869,270.093251762063
4.63711326373527,269.215709698707
5.60109346293683,268.769538426913
6.7678848464123,271.1284749473
8.35943437811467,270.091360741182
6.43198923202516,269.65259404858
6.99755484074748,271.918143600218
5.73015706639803,271.601107641095
6.88950799017943,271.329466457192
4.65285810446395,269.749061912303
5.45127976240069,266.909908430485
4.67640630696743,270.518104010356
4.41014363960083,270.768619993236
6.89622039292194,270.381205567309
6.68170043671151,270.480781229808
6.51558201027149,269.361599676216
4.89800463168237,270.385566050872
5.96408380078133,269.532233326317
7.61339467692153,269.824706737022
3.62840013953102,267.960049416451
6.06270533800419,270.567411990039
6.49401741806382,269.833936610757
6.60082394855292,269.659611119639
5.62799416195039,269.985984996435
5.86549222836555,269.985777917969
7.01422399745321,268.140604975805
4.62289790118118,270.002948827489
6.16626908565269,271.367018429271
6.39781813840854,270.029615736697
6.50711980638049,270.587437399333
4.97184014562502,270.614850920465
5.52203147852554,269.36963113866
6.14783258996739,269.931764345811
6.14356024350381,269.585747515645
5.69675731455967,270.154541173569
8.05736587774359,270.10666527515
4.62953240360079,270.127386040517
6.11435369481927,268.984982414381
6.09007841462119,270.354694017341
5.82165591326169,271.254527358101
7.18568102856038,270.587899183401
5.58120473711939,271.057600006439
4.48181267380873,271.44461695368
4.38587605163996,270.567673585228
4.72512713078166,269.185465511346
6.38922390695571,269.447461472576
5.49996282010671,268.986355381475
6.72198601175818,269.153488221867
6.20238761529431,270.871562688253
5.05382170634911,269.634900570424
6.25941215206033,270.036791044277
5.24030087319285,270.040575641096
6.81048342052054,270.203370307828
7.06247656925993,268.905498577772
7.09704395472661,270.280961655928
4.99078312843698,270.334075691541
6.17600085361625,269.5052210214
7.53284974374468,271.761035453072
6.24697609366181,269.575249112749
4.02209470875375,269.795418209454
5.77245410784734,269.804246188625
7.68424563725023,271.020610868142
6.90811667714202,268.317170369552
4.63548353827293,271.026341593996
6.28074652190431,270.657485203984
4.85394949759132,267.860048210589
6.93641659988055,270.705447834469
6.52259301798043,270.021874913495
5.7048960895896,270.938613324208
5.34048456997303,270.19636219745
4.86576324320241,268.871970041173
4.25028529009936,268.929843447938
4.58010561718728,272.157392930179
5.45854493796216,269.999493835744
5.82843940891357,269.118668719051
7.4949296463257,269.374926509938
5.09402780312099,271.137041256714
7.01589804687313,268.562066355598
5.54090084537212,269.229226496273
5.54632717922264,269.278092701506
5.2017565630332,270.38772462315
4.98899077004813,269.920210778329
6.71542478102719,269.359099773306
6.43683702058296,270.214440096744
5.86718236455007,271.198944328985
5.31155742778231,270.44163476959
6.63587334177011,269.979193914601
4.7034416247513,269.036445288347
6.39539477688106,269.237403309676
5.76351465955377,270.175358394823
6.51709129238126,269.949708449985
5.6650572366241,271.622294941934
5.85789373130951,270.529253806953
7.51084977551458,270.92914650816
7.24732706192746,268.88030856546
8.33104230980934,270.157423629034
7.12590476077066,271.113303658307
5.20043684653728,270.004654861123
6.35497468146054,269.745771052883
6.88653556640799,270.008117128885
6.52414844576433,269.752960191296
6.43066997152904,269.16711898588
5.14941593931141,270.179230248607
5.86289496276567,271.582701699316
6.17250505473249,270.528396357106
5.0992360765164,268.928932417805
5.52313440598354,271.391904137543
4.873543784127,271.016120495314
5.40512954670818,269.779570669236
6.37527119932691,270.749904854784
4.71768361892993,269.780775411988
4.97891423067029,269.679735355205
5.65551552503257,269.960996100738
6.56905107377824,270.742113289765
6.42534290683425,269.453116906234
7.55274052378581,271.473437611857
7.63958741855909,269.247486394052
6.86644079705332,271.621015632345
6.04847509460446,269.568619970738
6.56618466241274,270.827786979996
7.03448443633221,268.917237890824
5.05088700599669,271.589013448749
4.90230395940497,270.316825666709
6.3868420357726,269.949779832214
5.72793083435392,270.68858991553
5.88762558926709,270.689585800399
4.21081425713244,268.810972564239
5.04928254848954,269.604519146111
6.00734444661714,268.929919203464
6.06183507673446,270.209518489556
6.12304337259265,269.504813938299
6.09480323036906,269.356981318687
5.64724793402057,271.386730768538
6.40057567640437,270.152405160321
6.07816501525722,270.113248673567
6.38155591497091,268.680184287519
4.43019662247059,270.348239746705
5.5040691602748,269.468077575941
7.3513820142958,271.794079632837
5.97477230951232,270.562191369958
5.92101248341972,270.380441289306
4.75835948373904,271.768605434835
6.71267763652357,268.370327183657
6.71431002491002,269.828168081302
6.64582431138303,271.355341666963
5.85558911385278,269.247012760736
6.666050308078,269.243148797203
6.94434283860286,268.573486694967
8.08952390803867,270.456775030299
6.83853422192212,269.649208825714
4.14981983366675,270.313766723908
7.34877120504216,270.767126406597
4.89569819865132,270.617241675789
5.62108218777199,268.742928598942
7.43004984596591,272.402543513577
5.81692748523884,271.15869453328
5.55008607698808,271.62980697682
7.7157648787914,270.351785278026
7.16607260878024,271.030689588432
4.16641448787866,271.132069541618
6.35709286145391,269.719688824265
6.04833146961926,270.537836781585
6.46085464973806,268.152694578166
5.92776020931247,270.088058166037
7.96436766307156,269.390073079686
6.16512846600757,270.347632746852
5.88469316583836,269.719849768066
5.94304825322862,269.625323581472
6.84458700490878,268.848826003241
2.56954590446173,267.755102689841
6.94977476346761,269.692661581423
4.04987052039003,269.766439242729
6.07759414085542,269.720213995658
4.33457475042158,268.730718932871
8.73529751611201,268.604640292303
5.24479005123646,270.933138004829
6.25574918503569,268.006209330496
8.69779351665574,269.297958477423
5.72033962215264,267.054891901639
6.91707438614332,271.823140137117
5.57084296841785,268.655422261102
5.25095770349456,269.585803470508
7.37794759096639,270.189487670295
5.40463387608096,271.054384990432
5.63110140234249,270.484063208951
6.64636077813343,271.456810894247
4.71450960167161,269.935316850256
4.92005609610126,270.874059898442
6.50770012025241,269.754489327767
7.3018594704941,268.997342164982
3.46296009339518,268.620923198842
6.2480962962516,269.874140440483
6.00465332413412,270.201123283084
5.74586713748532,269.242313935316
5.86920138130112,269.465047191367
5.7055787304108,269.374884732564
5.6521425989078,268.31357716512
7.08910585431237,268.942151070424
6.82187955000811,268.997076714713
5.51625305285621,268.846494859257
6.96254923152888,269.320072515976
5.71649764685946,269.398924940899
8.20184767520129,270.625428609386
8.44188652976103,270.64931280882
6.19718771918412,270.419195017078
7.37294318588163,269.318600982961
5.30334350800391,270.818073427046
6.28461636227654,270.65896457351
5.51132649403486,270.384780636121
4.72696610897532,267.605373391454
6.33193828174049,271.112365313582
6.02504357334197,268.501109048123
5.03864107377931,269.900333736903
5.73280083403001,270.232730157565
7.43425903365677,272.094169785176
4.23363579563502,268.911083737783
7.10849066433402,270.89915206205
4.72821046335709,268.835268380635
6.9475963451924,270.01366869728
7.38430200798027,269.896452294682
6.76520159380664,269.819067356147
5.98619297649449,269.935225522199
7.59891691357322,269.580518098732
5.25306546186031,270.56473873462
8.09276507681422,269.254703221202
7.74103890506598,270.472367566546
7.00968154646434,267.460757834022
5.40629718547733,269.76549931768
7.42914192411135,271.336523445018
6.00293802963629,269.486887658334
6.19814350070806,269.97121422179
5.01815284726532,269.439209879145
6.97875459395764,270.156380684016
5.51659402187258,269.724525769918
7.74809754581831,267.83504810808
7.15321478751693,268.437355070106
6.65708928194379,268.600813868811
6.31093060657044,269.72964571094
5.82208396520695,270.722706102326
6.47133169181168,269.872582014782
7.2462567870625,268.936648866255
4.15746624768386,268.215715153989
6.53709097869821,271.790648359973
5.60444850623967,269.49120720942
6.86295771750023,270.691627027373
5.86508852574571,270.362691199496
4.66008457651884,268.777276339538
5.20987750225154,270.102653618481
6.76088045160144,271.058242697732
5.50205108311096,270.699983280035
4.76955634059833,270.682847216364
7.86500061534743,269.345097288909
6.03400699995524,269.859550503114
4.75541609462487,268.493238863657
5.41381842775386,269.639134730348
6.3031724095178,269.039686036605
3.89754578571487,269.993896813091
5.1663927876483,270.232303255349
5.93164509195324,269.737876215823
6.67501348740847,270.636501843471
6.36845977114073,269.984608281593
6.85042228617116,270.18423263633
7.00640263084789,269.93355112957
6.16641862015243,269.806183755566
6.09086396984553,271.224263527223
6.55103614944651,269.695313173967
4.19024835406874,269.791715860928
5.85570369406395,269.505657706259
5.1437928524398,269.973273878135
4.3825690195711,269.244297938558
7.26121279633279,270.32788846887
7.11079243517247,270.49086496825
7.70090866780802,270.249571606653
7.09296088534002,268.900098098039
5.90587645589472,268.48048168452
4.82489311271086,270.162627472438
4.75456671457098,269.810627298607
6.47285679960603,269.331577472977
6.78148628610785,270.411944555701
4.1678768848575,270.898667186074
5.82417386462132,268.439611920084
6.1606104837625,269.917229459015
6.00233538673862,271.783842289407
5.74821347959884,270.737551999658
6.86878583432178,271.211497026913
6.97014745240382,269.173950286374
8.04214746489091,270.164528413722
7.09789016952835,269.10602911607
6.89382039890717,270.0726648976
6.41192809819386,270.541603532329
6.15099252738352,272.974345681207
4.69817678897289,268.565199753632
7.34993755074624,269.100579150471
6.98118204540509,269.204465955681
5.57368524099665,270.151852059436
6.1239758266793,271.54952076422
4.62849409831592,271.548403896826
5.08021175641873,271.297840981193
5.49935709448558,270.85181597204
5.02449612757417,269.615206349866
3.96254087717831,271.005951835856
6.16296001724939,269.356489021975
5.86592526725749,269.247187441716
6.40357650690677,269.893711192807
5.88325298460459,271.457433004027
7.95209687299334,271.549056082131
6.30368342234641,270.254294871356
5.26863910082736,270.257028548044
6.96288731922948,270.260587471239
5.61137644086404,270.353192678681
8.34215227054977,270.48575169084
5.736405247365,269.600345062599
5.29309719660197,271.027325862415
6.3485342295621,270.950287929319
4.77053742101332,268.927647186721
6.70049202354766,269.595723283736
5.85132042034443,268.300252515059
4.5741665696512,268.489776268236
6.2038530421639,269.492246911555
5.21674014126854,270.761778748581
6.24628483193796,268.628053002768
6.1544590654266,271.3846593698
5.96437357629683,269.467887507469
5.92381302225153,269.347240400141
5.02060626234922,271.166480391341
6.46115011528905,269.9119103607
5.11254961059591,270.411533853327
6.77645343434147,270.599172242793
6.59059886800885,270.950825571426
5.87365669465256,270.193608907707
6.19834387181368,268.624286360695
5.222042782471,270.691835911874
4.34221362765162,270.887051816604
6.59963483427556,271.029259699919
5.82029064670025,268.601865622442
5.69692232825875,269.441852369639
4.14476539895123,269.644191118259
5.1364835493326,270.421516407326
6.24495687035977,269.260630732518
7.26442832720778,270.724835075561
7.36340216108626,269.644175559435
5.31991107743034,271.038323492685
5.42264995646633,269.874657234958
5.2394439749242,269.795325770134
6.97826124294844,268.788191357817
5.37693542159801,268.28180060521
6.09788343020353,269.223562349282
4.9571418656789,269.064778011888
5.12297031908033,268.218107521567
3.87594176675603,272.001382364259
5.99283522933542,270.232817958647
6.58661071048768,268.640933055249
6.53690117669553,268.010959896399
7.00767097456882,270.174286121935
6.1695907780496,270.502460359101
5.79991017199907,270.156768559641
5.1533915642186,270.254778362773
6.27186182945649,268.98088554526
7.77745663566382,269.487192239306
6.9634744250336,270.679534647507
5.44642487575026,270.545775667405
7.61918319376432,268.925237267758
7.05624613066776,268.680236238386
6.2747896747681,272.175550584312
6.99228336693049,271.859235260523
5.41456972491975,270.243418228574
5.51401446728293,269.070258739624
5.67349462078133,268.338623452906
4.90566383864383,271.022729760752
6.38489479860565,271.579173264537
5.82510318719729,268.049815336835
4.64333618415542,272.131473491638
4.61444283481411,268.487328875065
7.29148435019593,269.732842916256
4.43647175268507,269.578883475526
5.59037084356224,269.83719610822
5.80137568507961,270.195301750555
6.22860163050917,269.41833744755
5.8323516051873,268.412040952799
6.12886470123805,271.99247848523
7.01521556053294,270.436294080576
6.3154701646188,270.259305412986
6.05114496656325,271.399301650099
5.80999353914597,270.380133262176
7.09642519171395,270.67764391386
4.73155864898499,271.123718422933
7.43878935304288,270.328988743613
6.71279867269128,270.913192120676
6.5122148174907,268.918316891189
7.18900929276835,271.937662727602
6.90891917323087,270.249834754699
6.69892121887534,270.320131925274
6.22250150295741,269.109714638718
5.89622947189375,269.996128269725
5.47473421350148,270.131675851116
5.59905449640474,270.368097116303
5.54990802045073,270.270811410665
5.79765845826812,271.156697799486
4.90974288873978,271.854653640535
4.92554132977039,269.544958451413
4.77648662981384,269.218175387484
5.23028165447219,269.073987023829
7.03439479001746,269.178379716491
5.07237405899324,269.051568365734
6.3858672649398,270.507806149744
5.81160502752868,269.662989458614
7.1235797050794,268.586710826244
7.29581925102733,269.753829318642
5.08625929694691,268.418434307738
5.77608595509856,269.905268582215
5.1411569756255,269.008405244009
6.37235880630912,270.475951048623
6.22724016106874,270.80531086928
7.04651413581135,269.7985368425
6.54806321212268,270.024675860975
5.7604174003072,270.253398842799
7.05399530388098,268.997043692023
6.18664417189734,268.084782894928
5.33891381996913,267.384832995671
7.08187561740851,270.81126836197
6.90481193623751,268.133488205691
3.87120623786028,269.97803970287
4.76609938237134,269.897504261178
5.04963332027857,268.305633125753
4.66032251359544,271.405794908579
4.52912493745074,270.376149944603
5.08230578769141,271.100496566521
6.91430847912536,270.49640829282
5.06590844919676,270.279662241483
6.90654507130431,269.718822859915
5.61488343780737,270.092001982823
5.69043996740421,267.525173350818
7.11017451897244,267.139187267725
5.16171936711384,271.976068064449
4.96771127364405,269.142382637474
6.7644598480774,270.855185406952
4.67087090510257,269.88783772528
5.35503444736996,270.05508488767
8.16747531065733,270.272673884034
6.10651897838809,270.386197419154
6.40725723845089,272.180616393895
7.05697639134719,270.735294448155
6.64242349831645,271.064200962871
6.43811526828125,269.72313673753
4.84217702047866,269.43031829669
7.1575801848554,269.258102141393
7.25222597392624,268.920904227
5.67186687821385,271.320274764457
6.90850409831522,270.613775830587
6.47796027410997,270.257853471463
6.6459170171733,270.319329018785
6.83054413791044,269.8524784228
5.32292426570735,270.236553289113
5.49991915336713,271.786852261445
5.1730182015196,268.903542585168
5.35576576147669,270.571995051574
5.87012724525501,271.280820605851
6.10479454957466,268.283016940856
5.14429066914081,268.312691735832
8.15296939896159,271.010525120041
6.64430946444497,268.992379553621
7.04106794955363,270.295231411062
5.48989926027912,270.320148607873
6.4000861947184,271.128828079526
7.05530219371106,269.614555027835
6.15599703463625,270.286891480451
5.0343618164058,271.265501872239
5.19900107060442,269.064926778984
5.72029788490049,270.130269139099
5.87798539269069,272.098873537425
5.40237063771093,270.129149298747
4.9350848971832,269.683747427098
6.59090381669718,269.323086887365
7.26623976947983,270.185745676533
5.61410406183577,269.660493489835
4.20939361265788,271.115971286494
6.72114538589192,271.027782471084
6.40622062898213,271.439279669051
6.66874154803114,270.738221838906
4.72311077786311,270.923035440007
4.8690103003166,269.841147815074
7.7763985259016,269.858380098366
6.83799906382168,270.138371677454
8.59100811207919,269.628807542817
5.9823683242589,270.002404334386
5.97337453858686,270.856147041536
6.90495184746159,270.231009989341
5.41711514241621,269.93638314024
7.58308636071244,270.838019259132
6.51850672813871,270.291941473465
5.6052138884206,270.416845569141
5.32562132648909,268.244420752294
4.7139022466316,270.677152809444
6.66949977689018,269.591494374684
5.02297220399287,270.105209087486
5.90819555679913,268.703365019268
7.34526850640511,270.860855159906
5.70239019840897,269.983432065298
6.55304605850329,270.895449470964
5.74093825712745,270.203559434182
6.69002361541413,270.158794336823
6.79097263273453,270.470135613525
5.83629052808381,269.807029408664
6.03931537572982,271.847162922077
5.6883468302562,269.373052860683
6.47425121849838,269.739704559658
7.39905489060696,271.663437840441
6.52013466024785,267.750823631703
7.29289371307578,269.948325580505
6.99871329783713,271.472128825418
5.3996088508809,270.824724940872
7.57178160104669,269.265149314811
4.84368945855207,269.875284793281
4.5841563621195,271.75528373354
4.74864055718999,268.91490539121
6.10446103046391,269.331205306828
5.53352180438592,269.876419681163
5.40071336693942,269.094527920937
5.57174054884683,270.257241601909
5.15844316235549,271.547870810213
4.65557098480879,270.430980741789
4.69080413558612,270.883370587825
6.03271321494507,268.289349004343
5.12141753358696,270.705266645976
4.56227612924208,269.80018523973
5.11205765297145,270.573988315576
6.70237323234044,269.953968572055
6.80637083459639,269.394544624301
5.37384489238372,269.539779216796
5.91488090302183,270.728658054739
6.98049987493223,270.327960569193
7.62419092057343,268.1672707983
6.34792169998457,269.769357081983
5.57734650198442,270.396501648684
6.94375455352766,271.030513276507
6.34160424367461,270.027228075917
6.03463981594685,269.537561873661
5.09713182322681,271.887305849008
5.88433389566427,269.539428651495
7.29549046649333,270.321092790746
5.72260037281862,269.453906994797
5.87287989256991,269.694792757302
5.06903806665599,269.356145484787
7.53933336448316,271.586611743167
5.08115353899013,268.563595222166
5.93548921419317,269.969327759462
6.56487864232263,270.160450302485
7.5258237248977,270.026423783333
6.12147695945245,269.873559719565
4.97081825246151,270.651437255053
5.2302966054663,269.155711091224
6.50003540155383,269.87385452798
4.02911863104985,268.897330219034
7.15213350873646,268.51560499882
5.61971302055594,269.497000784455
5.70994753215074,270.725965076446
5.51643470108408,269.717043056139
4.36306115406772,268.271363015909
6.52704202815326,271.322460766754
4.43016345004442,271.140156724042
6.57343205421324,269.748141333754
5.97274289122074,269.152164099768
5.29739190540743,270.355232352167
6.38158469632787,270.502343948206
6.81530419513529,270.467257012419
3.66212619848513,271.325324859204
6.62924654183237,269.966129605446
7.07623669716632,269.136447113488
5.95300785474582,269.147870801533
4.23293111503896,270.104675152676
6.3686645505563,269.772774051834
5.90436611157194,268.305789159297
5.06415045974436,270.654036741261
6.41742447821795,270.163087889614
5.20233293625976,269.456186732536
5.95052838787701,269.17121387338
6.10542631965085,269.816606075703
5.0554976063735,271.013915524481
6.51297761019848,271.222307589096
6.1148667894352,269.906371675873
5.35890754453796,267.913743607545
7.05362518523675,269.401299759301
8.08272493289488,269.766423746605
8.08929450772667,270.100658252537
5.13217882512718,269.853512423339
6.90463738903007,270.241476208489
5.90619910785179,269.154277825964
4.1899610673357,271.597745112385
5.54756143437893,270.377700238607
4.80294177642506,269.455734034049
7.64644471579314,269.961843598616
5.66532080673313,270.626010256698
6.47117836064603,269.24407911334
5.82989324471467,269.98158883784
5.84739856909058,271.179146257293
6.58195121957495,269.244715294734
5.70328068068277,271.126906805048
5.85852501258372,269.603951104291
6.80613209594894,269.995284931101
6.82015098146492,268.330953258832
5.38963974242936,267.670765215252
8.05811331420668,271.979970052474
6.03829089899076,269.061082646603
5.52238188490092,269.121046179056
6.02100180952115,271.311654808548
7.29927800705197,269.711759726678
3.35944314287557,270.744550137942
5.69220371375239,269.724242641225
4.95232940637416,270.003388422325
5.43553083563343,269.565393096674
7.09702083991486,267.237599858689
6.00349536794472,270.201085049798
5.24978270851158,269.070240118598
5.26526128642881,268.997019692709
4.84899722076464,270.835074932663
4.95184135767346,270.344602520302
3.70141192733409,268.533668428148
6.44359862189809,269.709011533882
5.63709760556691,270.777836487236
5.52810365857249,270.705624508118
6.39707975890187,268.963852062857
5.79436092855463,270.259511420092
6.89245073754483,270.313578694905
5.88602444332595,271.32579290916
6.57144035258293,269.118010048831
6.04767651362907,270.980247688292
6.3723535447985,269.991124973817
6.10242916777915,271.351965915542
4.28951633184116,270.998669290378
5.8881103618049,269.075452943184
4.80888947544036,268.609580449951
6.9496874788993,268.813246405579
6.84369498195652,269.742848434238
5.21198484997203,269.643189702167
5.00074675743567,271.329601952421
5.31009240343052,270.168782771149
5.37901230202094,268.830827556381
5.37440461835351,270.659766209708
6.19485555890712,272.008822180101
4.36209710626569,269.848053424238
6.58418117735037,269.377305358468
4.93617743503078,268.56990525106
5.69228626588606,270.688660860035
7.08822106358874,271.288275600957
8.36866381605606,272.573289925145
6.41704480013742,268.461297407011
3.77733626183217,270.488992645237
6.44966266331691,269.549134607422
6.58051617097648,270.685491688205
5.27247268317096,270.864396257582
5.95687360304808,270.104269987758
5.04387543793786,270.546618079889
5.30284375311912,269.986511808027
3.63314253844272,271.165384323419
6.26020853681278,270.66770365943
4.65312211698582,269.572517305832
6.69993118688197,269.739736422409
7.10272514470834,271.433847183741
6.33070460133093,269.141086251385
7.39722607717728,268.289345549497
6.10451326483429,270.196088555523
8.05284675771418,269.226454564601
7.01348823102614,268.792001889015
6.26919392455725,269.709319704803
5.4168165411115,271.514647914319
6.84035150539635,271.963382475293
6.98058098975166,270.688900575059
5.91105671908907,269.587166728619
5.68877515447619,268.65831709783
6.54877380539687,268.630006852562
6.35688041615141,269.865461512149
5.5355351953914,270.589048388624
6.58564506232461,270.121863069395
6.31634369126941,271.047072510063
4.66674028614319,271.870787580697
5.14730970175723,270.073195584492
5.71076092059801,269.704892584883
6.51174534935329,269.924428382713
6.11152280586033,269.235237237755
7.00667844199905,271.324718422206
5.80999971209198,269.243658898268
7.35083014683845,270.522298229788
4.9951570173372,271.372239162773
6.45105410832743,269.116631818756
7.77998462741879,270.776266544539
4.82836157539824,269.723963365854
6.54746140243761,269.448323283372
5.96405981176892,269.606212311075
5.20617752744266,270.717803147315
6.71801370488008,269.533870577407
6.20760316334848,269.986312258387
6.02174007616439,267.690597125326
5.66469447081728,269.809224937783
6.82243389366883,269.553079195803
6.44870719175339,270.665002884079
7.04292933417616,267.420202967118
5.6526292638832,269.674960176863
6.99797975983997,267.803947245265
7.46950873095538,269.713513837067
5.71107056821888,270.499900593904
6.36287443632892,270.012229253904
6.59197628815248,269.047355478629
5.96795264669669,269.000366689673
8.28153668837839,269.488090379012
4.77383760712593,272.596815475875
4.72908078060947,269.424931202023
5.11664504301106,271.445360846739
5.36190241241607,270.687554695822
5.62286190512337,269.26407068098
6.961414460538,270.323631899344
5.40963294203427,269.886360748093
5.69420377173797,271.337867823963
5.68029633901894,270.224015467037
6.08760391077389,270.368329484205
6.32895159824561,269.312422060061
6.07442273807109,270.563092248828
6.13943221895832,270.554882409281
7.14992070039679,270.059395012834
6.49620830365225,269.740389117881
5.52513353905773,269.708706810206
5.9717326849529,269.323985958701
6.75771893914636,270.225157586492
5.5098778513268,267.402510254558
6.18378107142674,270.515237467868
6.51479762737073,269.732635663788
6.23231950893416,270.600197294622
6.0270900543068,271.103782924171
6.45352080203994,268.395169230463
6.6529625645584,272.469664032522
6.45248405533342,268.778482404478
5.75704508756425,269.434427974126
7.25861041898418,267.619823215707
7.38436007003815,270.715812179144
6.3722296734487,269.164844196764
5.89068912849724,270.087162469748
6.99565373810974,270.865677332316
4.14185343672048,269.075179988543
6.63812293392157,270.216794773555
7.24702205655958,269.050884822687
5.76064010288949,269.678079111041
5.4538614884316,270.266837228549
6.25339220474314,267.841995650117
6.32776723945879,268.03895794128
4.22626520472084,270.501542493804
6.04206833207217,271.792352165484
5.91999470940756,271.269211184435
6.100700789441,269.499433894953
5.82291486598911,270.469402834703
6.81770587746198,268.596242317182
5.77065740417809,270.211845762336
6.85041836478839,270.350414252901
5.99725061144894,271.892768358668
6.77861717148949,269.71470336734
5.14304147617451,270.604150870606
5.83221008928171,271.414922470574
5.92445873842252,270.939018783019
5.83571556967396,269.27863414696
7.4363552997086,268.499568118432
5.47995598126906,269.311355928829
4.33261010688399,269.027190025504
6.32637890950167,270.698955045623
7.47396957302249,270.250323805369
6.02507147517372,270.850146911615
6.85517896558284,268.782418181021
5.8351641269212,268.688069182916
5.43920810358039,269.58819033075
6.35843538171745,268.919324053546
5.37712595505791,269.610130575993
5.4384593561491,269.980461753091
4.96257781286902,270.654007582416
6.51004054294264,270.451927720459
5.51207906455188,269.17205486753
5.23759606664952,271.098269336617
5.63045832495125,271.296958832701
6.49136865425386,269.650421107455
5.31034346689388,268.417195892506
6.98196559270816,270.669300829287
5.60019770044051,270.210086745152
7.27039544757003,271.176877451034
6.70386312872574,269.268709174467
6.66149655641907,271.793855337072
8.03787686757654,271.037622163429
5.93532390359913,269.442897532544
5.13211815884474,271.512986628517
6.55026263897739,269.23431553912
7.09358051781362,268.681497535709
5.0124691449824,268.015526540221
4.87373918910438,270.964059729267
5.57747859999454,269.418479815754
5.92114167885569,270.853173931825
7.35303054510909,269.057496335085
5.48455603920093,269.979691062378
7.03698693904809,269.440762347412
4.960907549764,271.527202886184
5.13711414640151,270.453728378264
4.84900326128003,271.823115596476
5.75033690163923,271.041960065137
6.17201157762828,270.82703581753
5.99652988234946,268.363785744797
3.78105099676779,270.823617398121
6.21687869731537,270.358394705016
7.02657512839676,269.700425330775
6.77552396792473,270.599503900771
6.58874828625782,272.509338569983
7.22293831191072,270.397660969585
6.19961766468644,271.883215614164
6.22662545579893,270.262768795017
6.20622192634179,269.565050723633
7.54583923243145,268.3411806381
7.25650803308672,271.147447764377
6.9570894427591,269.50465580696
7.03551558780346,270.613734282147
7.36652785944252,269.482575076037
5.78215624777907,270.428172003513
5.74732228181718,269.616746751066
7.24006235094576,269.482979868991
5.14538130115397,271.824091344605
6.67951005285483,270.24237933235
4.55359820693104,269.608656635092
6.15564631596567,270.113861202465
6.21986590950008,270.131321527684
4.80433136930111,270.730116415374
6.60218906843656,269.413417781486
4.87702379044113,269.621213658336
5.32715405048866,269.597983559211
5.70447017858367,270.091154435172
7.02580213747811,270.822379962259
5.34155792278079,269.245841370018
7.6596112296247,268.103578849034
5.0481885474515,268.80113539842
6.86205899817012,270.054902250288
6.34082482196873,271.679949596734
5.97240843702315,268.84354277337
5.8858374932399,270.094436566241
5.47612123728967,271.411679040106
7.09196963594192,270.62268921625
5.81834539874345,267.826140755201
6.07521117093548,269.372643690198
7.28474081029615,271.074296060027
5.76014707383815,269.473879014268
5.56579017781631,269.846215383996
6.58135823530453,271.853960292154
6.28156303091191,268.861974298513
5.67121674052027,270.162416942889
6.00518262581189,268.030055876612
6.19757076341388,268.74216889201
4.97876930995667,270.946205016321
7.58417833820356,269.312788882915
7.08831940986919,270.322315431584
6.10575431768544,269.958628874433
6.15690209722191,269.651989098715
5.61010687886192,270.660947460979
4.18537975548949,270.788924828608
5.41007852224773,269.409511342832
6.09747307340529,269.662699330339
6.23880544633897,270.316395958153
5.08241085952276,269.508589601152
6.51191886004786,269.384905590346
6.83493721099393,269.982408491996
7.357625621071,267.729320578976
6.11699092250644,270.418318955973
5.66135561145656,271.37349098608
5.66350896734348,270.550196523109
5.57403319789378,270.647206226265
5.46606800383013,269.723668684907
5.29154054311757,271.311703678174
5.4582502611763,270.34979490843
6.40706170517534,269.125097295933
5.20455970277099,268.966746760208
5.25736062079109,270.984998767709
5.1709594539321,271.052326729036
7.1078404034627,271.02109753364
4.88360155745564,270.02766083292
6.67231214733377,270.235355084066
6.49595439711626,270.925487787856
6.01031165243178,269.359067774201
7.11969603665693,269.647432116081
6.53407583180832,269.473610067889
5.79365460114268,268.702569531138
6.12677175600541,267.937529028815
6.58611210880162,268.447302126323
4.18285446403198,270.069352914396
6.17072994767884,271.27714500993
6.12135470974307,270.401289201657
6.46976325839799,269.330596124938
6.49888219443751,267.749676707527
5.37686023802603,271.309839377604
3.6952227171424,269.964343476398
5.91462075674092,269.746434777636
6.40474086392321,270.726093767936
3.79487613176804,270.531908396772
6.27201747015893,269.662529021704
6.11048632273349,269.531181292656
8.08592197030305,270.070350327509
5.59976954182747,269.662960745144
6.72065174573171,271.011492742732
6.01102187600104,269.353152806728
4.77901363234037,268.3514455135
5.50088991890925,269.19052673193
8.03990220124353,270.404434232382
6.1797350786203,270.335179277244
7.008040241415,270.240201413655
6.67180123019725,268.876246287185
5.27342851766195,270.61074619029
6.15155058174007,269.441378865697
5.75192029955715,270.268827234599
6.79787679663919,268.092644264847
5.95433330470272,269.903531934416
7.04953182678588,271.321677068279
3.18938829724938,270.402186337568
6.50025525680558,269.697446872571
6.97186578502694,269.551351333583
5.87230396354888,269.313012565944
4.81237437630813,268.662214819468
7.88767791068035,268.894532535956
4.89354615024514,268.972747804199
7.34977485526788,270.237849957737
7.64117884261968,271.569955336183
4.65041864425666,269.883201402032
5.64024370110103,270.396797287101
7.30293770600982,271.068166784128
8.49470703218685,269.375883504486
6.07039915691405,269.222002196236
7.93006256293534,269.57211706176
6.23073599106291,269.599600631896
7.78922939233806,269.287330329064
3.95031576385141,269.509684453172
6.96479037064239,270.243939599711
6.26639887705771,270.376343311609
6.72255844279151,272.209353903006
5.72210237079037,271.219547500765
5.69101746644695,270.847451680635
7.16304944163145,269.898171092453
5.59249798170044,272.019868136055
6.2486172019773,269.872952905025
5.48943552871552,269.366246300667
7.98420259464032,270.427397875027
7.01019710198025,269.224028320358
6.23261295685784,268.518798860793
5.31807289954754,268.650068843177
3.60185612682808,268.531541357854
6.39843764310246,271.170573498418
7.1044506827816,270.723817191468
6.3273298884949,271.061243969661
6.44296473535463,269.607287621507
5.56077070978729,270.958343037229
4.98093669465851,271.035378990665
6.70572197847439,268.902143366496
7.71431586436649,269.722522799838
4.24011747652955,270.79189317505
8.03557928800168,270.321227511166
5.99106935109891,270.497771410258
5.11907073788465,271.796631936993
8.05286710561563,268.79107962367
7.08323687624969,269.186871034491
5.82544783987112,269.024813232507
5.23252808573886,268.378132216039
4.18284756594888,270.872052499087
5.29677600452278,271.422632955073
3.87816055318682,270.246953848204
5.79857325039189,271.829126816976
6.90770188975081,270.789978219356
6.36936826620443,270.478571578661
5.89187178202415,270.235009191962
6.54582673246067,270.405719675197
7.334135677532,269.290471403204
4.8640993697113,269.478356441724
4.7715649643894,270.713611401276
5.84044572719223,269.409969796366
7.38518173789919,269.615948522266
4.87664154167558,269.967122898207
6.72251691141748,270.965433614209
6.91233642299339,270.153616333741
6.96854787532712,269.149432475692
7.1451228533635,271.982594114098
5.45589489723779,270.308784680512
5.68623969958924,271.246285648953
6.93083649661583,268.272307240001
6.84636437792648,270.860171246567
3.99811972473076,269.762810072122
5.90438349391097,270.876766411965
5.44517264539925,270.600263963541
5.58473090778674,270.861093315231
5.25107636350219,270.571257746899
5.19287929739233,269.488167601286
6.92514785494069,269.692950470956
5.9552479334509,269.633240343229
6.48621512555238,268.668724910721
5.93789761021038,270.736268752121
6.27083234719605,268.792617760978
6.28764008328031,270.201533532643
7.80356151520325,270.72555304523
6.22685173108195,271.58974535911
7.04562689848269,269.848422984772
5.54442164869823,269.598097723956
6.59535945942353,270.622408838905
7.08631059578095,269.885038526493
6.52594705308638,269.806711419348
4.38934219826626,272.138261758371
5.51942451160459,268.24009794288
6.52309928489775,269.692073616938
5.68917368560807,269.52938257267
6.48996383787596,268.680562189232
5.47312317808092,268.987785720798
6.15960963353357,270.441735375716
7.23383259060576,270.021590893536
6.58303238076802,269.710792719293
5.25227001169039,269.452286838846
7.26645132549446,268.149576168241
8.06835152448312,270.605748297904
5.68559356551953,270.311475478806
5.11011391534358,270.639110522042
4.94742327470947,269.774755640596
5.75868860968664,268.959616480566
5.35221991469217,270.745732267703
5.83996904706898,269.58123353724
6.52221201196494,270.624632238997
6.9542665613077,268.402848866147
8.10932201123408,270.40425762818
5.41735168533972,270.587311364296
6.46363566293759,270.70420045826
5.40451027778225,271.328484095002
4.31275703270133,271.185869016053
7.252469815899,268.889062744562
5.71408632733262,269.460319270852
6.38812970174707,270.810563481338
6.81356661237686,270.217789304764
5.0877440318669,269.565307123965
6.12847621259145,269.527979366248
6.61252553312661,267.284652665667
7.24059942872721,270.589054701795
5.35231779819351,267.874719863443
8.66285226181513,269.680679629372
6.33097999367429,270.443007298224
