$FLYS,1
$VAR,FIRMWARE_VER,v2023.09.22.2
$VAR,DEVICE_ID,002e00315753500520323339
$VAR,SESSION_ID,a9b2b4b8347145ba0b4c83e6
$COL,BARO,time,pressure,temperature
$UNIT,BARO,s,Pa,deg C
$COL,HUM,time,humidity,temperature
$UNIT,HUM,s,percent,deg C
$COL,MAG,time,x,y,z,temperature
$UNIT,MAG,s,gauss,gauss,gauss,deg C
$COL,IMU,time,wx,wy,wz,ax,ay,az,temperature
$UNIT,IMU,s,deg/s,deg/s,deg/s,g,g,g,deg C
$COL,TIME,time,tow,week
$UNIT,TIME,s,s,
$COL,VBAT,time,voltage
$UNIT,VBAT,s,volt
$DATA
$IMU,1982.938,12.756,2.624,-1.220,0.04394,-0.10742,0.91992,30.66
$IMU,1983.014,41.381,-11.657,9.887,-0.00781,0.04882,0.99951,30.72
$IMU,1983.091,25.085,-25.451,-15.136,0.06005,-0.00878,0.99414,30.69
$BARO,1983.147,99072.89,30.20
$MAG,1983.153,0.235,-0.508,0.114,27.5
$IMU,1983.167,27.221,-21.484,-28.015,0.09375,0.10156,1.02343,30.75
$BARO,1983.188,99073.11,30.20
$BARO,1983.229,99071.38,30.21
$IMU,1983.243,31.982,-4.455,-30.029,0.12451,0.02880,0.97167,30.75
$MAG,1983.254,0.247,-0.502,0.094,28.0
$BARO,1983.270,99068.40,30.21
$BARO,1983.310,99065.21,30.21
$IMU,1983.320,13.122,-17.395,6.713,0.05810,0.11425,1.01464,30.76
$HUM,1983.243,20.6,29.6
$BARO,1983.351,99068.99,30.21
$MAG,1983.355,0.246,-0.553,0.126,27.5
$BARO,1983.392,99078.59,30.21
$IMU,1983.396,15.319,15.625,86.120,0.06152,0.15478,1.02929,30.77
$BARO,1983.433,99066.84,30.21
$HUM,1983.343,20.6,29.7
$MAG,1983.457,0.159,-0.630,0.187,27.6
$IMU,1983.473,85.205,-37.597,59.326,0.13671,0.31542,1.00292,30.78
$BARO,1983.474,99072.18,30.21
$BARO,1983.515,99064.26,30.22
$HUM,1983.443,20.6,29.6
$IMU,1983.549,203.918,116.882,107.727,0.08935,0.49707,0.83886,30.76
$BARO,1983.555,99070.26,30.22
$MAG,1983.558,0.052,-0.702,0.376,27.5
$BARO,1983.596,99067.02,30.21
$IMU,1983.626,136.291,120.422,58.837,0.01757,0.49169,0.86621,30.75
$HUM,1983.542,20.7,29.7
$BARO,1983.637,99069.82,30.21
$MAG,1983.659,0.054,-0.699,0.448,27.6
$BARO,1983.678,99067.23,30.22
$IMU,1983.702,82.275,-40.283,-25.268,0.05273,0.66699,0.72998,30.75
$BARO,1983.719,99077.84,30.22
$HUM,1983.644,20.7,29.6
$BARO,1983.760,99069.23,30.21
$MAG,1983.761,0.082,-0.711,0.463,27.5
$IMU,1983.778,37.902,-9.460,-20.935,-0.03564,0.81445,0.64306,30.75
$BARO,1983.800,99072.45,30.22
$HUM,1983.746,20.8,29.6
$BARO,1983.841,99072.21,30.21
$IMU,1983.855,15.441,-21.789,-8.483,0.00927,0.80371,0.61132,30.75
$MAG,1983.862,0.091,-0.697,0.474,27.5
$VBAT,1983.876,4.088
$BARO,1983.882,99068.99,30.21
$BARO,1983.923,99068.04,30.21
$IMU,1983.931,4.821,-3.967,-3.906,-0.00097,0.78955,0.62744,30.77
$HUM,1983.846,20.7,29.6
$BARO,1983.964,99071.82,30.22
$MAG,1983.964,0.091,-0.702,0.469,27.6
$BARO,1984.004,99065.46,30.21
$IMU,1984.008,-1.770,3.906,3.112,0.00585,0.79638,0.63134,30.76
$HUM,1983.947,20.8,29.6
$BARO,1984.045,99063.46,30.22
$MAG,1984.065,0.097,-0.699,0.466,27.5
$IMU,1984.084,-4.089,-2.502,1.525,0.00537,0.78466,0.61083,30.75
$BARO,1984.086,99070.06,30.22
$BARO,1984.127,99065.26,30.21
$HUM,1984.048,20.8,29.6
$IMU,1984.160,-3.051,1.281,0.671,0.01025,0.78271,0.63183,30.79
$MAG,1984.166,0.085,-0.699,0.462,27.6
$BARO,1984.168,99073.60,30.21
$BARO,1984.209,99062.65,30.21
$IMU,1984.237,-4.943,2.258,3.417,0.00341,0.77978,0.64892,30.79
$HUM,1984.148,20.9,29.6
$BARO,1984.249,99071.38,30.21
$MAG,1984.268,0.097,-0.694,0.459,27.3
$BARO,1984.290,99068.84,30.21
$IMU,1984.313,-1.892,5.493,5.737,0.02099,0.77880,0.62597,30.77
$BARO,1984.331,99064.26,30.21
$HUM,1984.249,20.9,29.6
$MAG,1984.369,0.073,-0.702,0.459,27.3
$BARO,1984.372,99075.40,30.21
$IMU,1984.390,-9.948,41.259,8.850,0.18017,0.76464,0.68750,30.79
$BARO,1984.413,99075.21,30.21
$HUM,1984.350,21.0,29.6
$BARO,1984.453,99070.04,30.21
$IMU,1984.466,-96.618,178.527,76.538,0.28613,0.89990,1.23925,30.79
$MAG,1984.471,0.024,-0.765,0.384,27.5
$BARO,1984.494,99070.99,30.21
$BARO,1984.535,99071.43,30.21
$IMU,1984.543,0.122,192.138,12.268,0.12109,0.55859,0.92773,30.78
$HUM,1984.450,21.0,29.6
$MAG,1984.572,0.081,-0.849,0.370,27.5
$BARO,1984.576,99074.38,30.21
$BARO,1984.617,99076.20,30.21
$IMU,1984.619,93.688,142.761,-51.147,-0.27539,0.41406,0.25048,30.79
$HUM,1984.551,21.0,29.6
$BARO,1984.657,99076.16,30.21
$MAG,1984.673,0.154,-0.823,0.441,27.5
$IMU,1984.695,100.402,72.265,-99.731,-0.68554,0.41552,-0.19287,30.82
$BARO,1984.698,99081.13,30.21
$BARO,1984.739,99073.18,30.21
$HUM,1984.651,21.2,29.6
$IMU,1984.772,12.756,-20.874,-91.552,-1.07812,0.47119,-0.05078,30.76
$MAG,1984.775,0.208,-0.774,0.427,27.5
$BARO,1984.780,99069.43,30.21
$BARO,1984.821,99074.52,30.21
$HUM,1984.751,21.3,29.6
$IMU,1984.848,-56.152,-113.891,-30.151,-1.30908,0.64013,0.28857,30.75
$BARO,1984.862,99063.38,30.21
$MAG,1984.876,0.144,-0.786,0.270,27.5
$VBAT,1984.885,4.103
$BARO,1984.902,99070.79,30.21
$IMU,1984.925,-71.777,-202.392,37.963,-0.42968,0.53710,0.73144,30.82
$BARO,1984.943,99067.58,30.20
$HUM,1984.851,21.4,29.6
$MAG,1984.978,0.145,-0.784,0.253,27.5
$BARO,1984.984,99067.16,30.21
$IMU,1985.001,13.977,-128.234,-38.391,-0.09570,0.40087,0.78173,30.78
$BARO,1985.025,99070.94,30.21
$HUM,1984.951,21.4,29.6
$BARO,1985.066,99078.28,30.20
$IMU,1985.078,0.488,-29.113,1.281,-0.18359,0.46240,0.84472,30.78
$MAG,1985.079,0.126,-0.793,0.243,27.6
$BARO,1985.106,99060.80,30.21
$HUM,1985.050,21.5,29.6
$BARO,1985.147,99069.11,30.20
$IMU,1985.154,-10.192,13.183,14.038,-0.30761,0.52783,0.86083,30.77
$MAG,1985.180,0.141,-0.798,0.243,27.5
$BARO,1985.188,99068.97,30.21
$BARO,1985.229,99068.72,30.20
$IMU,1985.230,-0.305,16.357,-11.596,-0.30712,0.45312,0.85742,30.77
$HUM,1985.150,21.5,29.6
$BARO,1985.270,99073.69,30.20
$MAG,1985.282,0.153,-0.793,0.250,27.5
$IMU,1985.307,7.202,25.756,-6.103,-0.33154,0.48828,0.81103,30.77
$BARO,1985.310,99069.72,30.20
$HUM,1985.250,21.6,29.6
$BARO,1985.351,99077.33,30.20
$MAG,1985.383,0.172,-0.781,0.279,27.6
$IMU,1985.383,4.455,29.357,-10.375,-0.36767,0.48291,0.80371,30.79
$BARO,1985.392,99072.06,30.20
$BARO,1985.433,99077.08,30.20
$HUM,1985.350,21.7,29.6
$IMU,1985.460,10.009,37.414,-20.019,-0.55712,0.45898,0.70507,30.77
$BARO,1985.474,99060.97,30.20
$MAG,1985.484,0.193,-0.765,0.289,27.5
$BARO,1985.515,99079.62,30.20
$IMU,1985.536,4.943,9.948,-6.042,-0.56591,0.47558,0.71289,30.78
$HUM,1985.452,21.8,29.6
$BARO,1985.555,99067.89,30.20
$MAG,1985.586,0.183,-0.774,0.289,27.6
$BARO,1985.596,99069.92,30.20
$IMU,1985.613,4.089,6.042,4.882,-0.51464,0.48339,0.72705,30.80
$BARO,1985.637,99070.87,30.20
$HUM,1985.556,21.8,29.6
$BARO,1985.678,99062.31,30.20
$MAG,1985.687,0.186,-0.778,0.286,27.5
$IMU,1985.689,0.793,4.333,5.371,-0.48144,0.48535,0.72021,30.74
$BARO,1985.719,99070.09,30.20
$HUM,1985.659,21.8,29.6
$BARO,1985.759,99075.64,30.20
$IMU,1985.765,-0.549,-0.244,2.807,-0.46728,0.49316,0.74902,30.80
$MAG,1985.788,0.183,-0.771,0.289,27.7
$BARO,1985.800,99075.25,30.20
$BARO,1985.841,99069.43,30.19
$IMU,1985.842,-5.676,-7.019,-3.479,-0.50537,0.47802,0.76318,30.75
$HUM,1985.763,21.8,29.6
$BARO,1985.882,99068.48,30.19
$MAG,1985.890,0.189,-0.769,0.285,27.6
$VBAT,1985.905,4.096
$IMU,1985.918,10.131,1.403,-2.624,-0.49169,0.48437,0.71533,30.80
$BARO,1985.923,99056.14,30.19
$BARO,1985.963,99069.09,30.20
$HUM,1985.866,21.9,29.6
$MAG,1985.991,0.196,-0.769,0.297,27.5
$IMU,1985.995,3.845,3.967,2.258,-0.48876,0.50195,0.68164,30.76
$BARO,1986.004,99075.03,30.19
$BARO,1986.045,99064.29,30.19
$HUM,1985.970,21.9,29.6
$IMU,1986.071,-2.746,4.028,-2.746,-0.51855,0.48339,0.70263,30.75
$BARO,1986.086,99074.23,30.19
$MAG,1986.092,0.193,-0.775,0.282,27.5
$BARO,1986.127,99065.67,30.19
$IMU,1986.148,-9.460,-4.760,0.488,-0.49121,0.48681,0.78027,30.77
$BARO,1986.167,99070.65,30.19
$HUM,1986.073,21.9,29.6
$MAG,1986.194,0.189,-0.769,0.291,27.6
$BARO,1986.208,99067.45,30.19
$IMU,1986.224,0.671,1.770,-0.671,-0.47802,0.47607,0.75781,30.77
$BARO,1986.249,99076.57,30.19
$HUM,1986.176,22.0,29.6
$BARO,1986.290,99063.48,30.19
$MAG,1986.295,0.201,-0.777,0.289,27.5
$IMU,1986.300,3.784,7.324,-2.746,-0.51660,0.47265,0.70361,30.77
$BARO,1986.331,99066.06,30.19
$BARO,1986.372,99071.38,30.18
$IMU,1986.377,-0.244,2.502,-0.061,-0.51611,0.48291,0.72216,30.73
$HUM,1986.280,21.9,29.6
$MAG,1986.397,0.199,-0.765,0.282,27.6
$BARO,1986.412,99076.57,30.19
$IMU,1986.453,-1.464,-1.953,-1.159,-0.54003,0.47021,0.72314,30.78
$BARO,1986.453,99071.60,30.19
$HUM,1986.383,21.9,29.6
$BARO,1986.494,99067.38,30.18
$MAG,1986.498,0.195,-0.762,0.279,27.6
$IMU,1986.530,7.202,-68.542,-13.916,-0.71435,0.54052,0.66796,30.76
$BARO,1986.535,99077.18,30.19
$BARO,1986.576,99076.55,30.18
$HUM,1986.485,21.9,29.6
$MAG,1986.600,0.160,-0.771,0.235,27.5
$IMU,1986.606,67.993,-267.028,-59.509,0.02246,0.64208,0.91503,30.73
$BARO,1986.616,99079.76,30.19
$BARO,1986.657,99070.60,30.19
$HUM,1986.586,21.9,29.6
$IMU,1986.682,31.433,37.780,-86.730,0.20507,0.51171,0.66210,30.79
$BARO,1986.698,99074.35,30.18
$MAG,1986.701,0.288,-0.727,0.346,27.7
$BARO,1986.739,99072.57,30.18
$IMU,1986.759,-9.765,190.429,-98.632,-1.08496,0.51757,0.32617,30.79
$HUM,1986.686,21.9,29.6
$BARO,1986.780,99080.13,30.18
$MAG,1986.802,0.385,-0.621,0.303,27.5
$BARO,1986.820,99073.52,30.17
$IMU,1986.835,162.109,-175.720,-207.885,-0.13623,0.31884,1.07519,30.75
$BARO,1986.861,99069.94,30.18
$HUM,1986.787,21.9,29.6
$BARO,1986.902,99081.47,30.17
$MAG,1986.904,0.400,-0.625,0.357,27.5
$IMU,1986.912,46.447,74.401,-26.367,-0.60009,0.55419,0.42431,30.78
$VBAT,1986.929,4.095
$BARO,1986.943,99065.41,30.18
$BARO,1986.984,99075.35,30.18
$HUM,1986.887,21.9,29.6
$IMU,1986.988,-40.710,-45.593,21.240,-0.45996,0.54785,0.66650,30.75
$MAG,1987.005,0.384,-0.639,0.310,27.6
$BARO,1987.024,99074.35,30.18
$BARO,1987.065,99077.57,30.19
$IMU,1987.065,-52.001,-22.460,25.512,-0.56054,0.37451,0.73583,30.76
$HUM,1986.987,21.9,29.6
$BARO,1987.106,99079.08,30.17
$MAG,1987.106,0.358,-0.666,0.267,27.6
$IMU,1987.141,-54.504,-25.451,34.484,-0.54003,0.26855,0.76611,30.76
$BARO,1987.147,99079.13,30.18
$HUM,1987.089,21.9,29.6
$BARO,1987.188,99077.13,30.18
$MAG,1987.208,0.364,-0.717,0.276,27.5
$IMU,1987.217,10.681,-11.474,34.423,-0.28808,0.29736,0.65136,30.77
$BARO,1987.228,99072.16,30.18
$BARO,1987.269,99074.96,30.18
$HUM,1987.190,21.8,29.6
$IMU,1987.294,11.474,-52.124,-4.699,-0.16308,0.16699,0.85742,30.83
$MAG,1987.309,0.348,-0.823,-0.058,27.5
$BARO,1987.310,99076.69,30.17
$BARO,1987.351,99078.06,30.17
$IMU,1987.370,-164.184,-283.325,16.540,0.45361,0.09228,1.52050,30.77
$HUM,1987.289,21.8,29.6
$BARO,1987.392,99071.31,30.17
$MAG,1987.410,0.175,-0.387,-0.384,27.6
$BARO,1987.433,99069.50,30.17
$IMU,1987.447,-16.906,-17.150,-26.611,0.25634,0.23046,0.95458,30.78
$BARO,1987.473,99074.11,30.17
$HUM,1987.389,21.8,29.6
$MAG,1987.512,0.115,-0.369,0.084,27.5
$BARO,1987.514,99069.14,30.18
$IMU,1987.523,-22.766,-69.335,-21.179,0.27001,0.29833,0.85498,30.77
$BARO,1987.555,99075.67,30.17
$HUM,1987.489,21.8,29.6
$BARO,1987.596,99070.50,30.17
$IMU,1987.600,-119.201,-101.562,-76.660,0.14062,0.05273,1.10644,30.75
$MAG,1987.613,0.151,-0.457,0.054,27.5
$BARO,1987.637,99077.67,30.17
$IMU,1987.676,-98.999,-76.843,93.933,0.17919,0.38867,0.94189,30.76
$BARO,1987.677,99078.45,30.17
$HUM,1987.588,21.8,29.6
$MAG,1987.715,0.106,-0.319,0.001,27.5
$BARO,1987.718,99079.06,30.17
$IMU,1987.752,-212.036,-25.512,60.913,0.25195,-0.05761,1.17626,30.74
$BARO,1987.759,99079.06,30.17
$HUM,1987.688,21.8,29.6
$BARO,1987.800,99077.06,30.17
$MAG,1987.816,0.127,-0.211,0.046,27.5
$IMU,1987.829,-125.549,15.808,-1.708,0.40966,-0.66406,1.46777,30.77
$BARO,1987.841,99080.64,30.17
$HUM,1987.788,21.9,29.6
$BARO,1987.881,99079.86,30.17
$IMU,1987.905,-56.518,31.677,-2.502,0.75927,-1.85595,1.90185,30.76
$MAG,1987.917,0.099,-0.141,0.075,27.5
$BARO,1987.922,99080.49,30.18
$VBAT,1987.933,4.093
$BARO,1987.963,99076.86,30.17
$IMU,1987.982,-39.306,106.323,78.308,1.08496,-3.60351,1.28613,30.75
$HUM,1987.888,21.9,29.6
$BARO,1988.004,99080.06,30.17
$MAG,1988.019,-0.051,0.025,0.202,27.5
$BARO,1988.045,99071.50,30.17
$IMU,1988.058,-345.703,24.108,-310.607,0.17431,0.06005,-0.06738,30.79
$HUM,1987.987,21.9,29.6
$BARO,1988.086,99065.89,30.17
$MAG,1988.120,-0.408,-0.135,0.379,27.6
$BARO,1988.126,99068.28,30.16
$IMU,1988.135,-424.865,169.250,-489.318,0.14990,0.06005,-0.02929,30.73
$BARO,1988.167,99062.34,30.17
$HUM,1988.087,21.9,29.6
$BARO,1988.208,99061.73,30.17
$IMU,1988.211,-264.526,373.596,-493.896,0.13769,-0.00146,-0.03515,30.75
$MAG,1988.221,-0.280,-0.495,0.088,27.5
$BARO,1988.249,99066.92,30.17
$HUM,1988.186,21.9,29.6
$IMU,1988.287,-23.986,463.867,-496.459,0.07568,-0.03857,-0.02441,30.72
$BARO,1988.290,99070.70,30.17
$MAG,1988.323,0.265,-0.598,0.162,27.5
$BARO,1988.330,99067.70,30.17
$IMU,1988.364,230.285,406.433,-495.849,-0.00048,-0.01318,-0.01464,30.73
$BARO,1988.371,99070.48,30.17
$HUM,1988.286,21.9,29.6
$BARO,1988.412,99064.72,30.17
$MAG,1988.424,0.450,-0.309,0.393,27.5
$IMU,1988.440,413.513,221.557,-491.699,-0.03417,0.06250,-0.01757,30.75
$BARO,1988.453,99078.23,30.17
$HUM,1988.386,22.0,29.6
$BARO,1988.494,99079.23,30.16
$IMU,1988.517,463.317,-35.339,-485.168,-0.00488,0.13183,-0.01708,30.73
$MAG,1988.525,0.180,-0.064,0.115,27.6
$BARO,1988.534,99065.89,30.17
$BARO,1988.575,99060.34,30.17
$HUM,1988.487,22.0,29.6
$IMU,1988.593,367.370,-281.433,-478.393,0.05810,0.15478,-0.01318,30.74
$BARO,1988.616,99064.31,30.17
$MAG,1988.627,-0.327,-0.297,0.094,27.3
$BARO,1988.657,99066.50,30.17
$IMU,1988.669,153.137,-431.030,-473.937,0.10253,0.13183,-0.01464,30.72
$HUM,1988.587,22.0,29.6
$BARO,1988.698,99069.23,30.16
$MAG,1988.728,-0.363,-0.645,0.382,27.5
$BARO,1988.738,99056.78,30.17
$IMU,1988.746,-112.548,-427.673,-475.891,0.69042,1.24511,0.91992,30.73
$BARO,1988.779,99076.81,30.16
$HUM,1988.688,22.0,29.6
$BARO,1988.820,99074.06,30.17
$IMU,1988.822,-86.303,-230.590,-352.294,0.88476,1.14746,1.11816,30.75
$MAG,1988.830,-0.211,-0.765,0.516,27.5
$BARO,1988.861,99071.06,30.17
$HUM,1988.788,22.0,29.6
$IMU,1988.899,163.452,-4.272,-105.285,0.45361,0.47900,-0.36230,30.73
$BARO,1988.902,99083.57,30.16
$MAG,1988.931,-0.126,-0.789,0.592,27.5
$VBAT,1988.941,4.093
$BARO,1988.943,99075.40,30.16
$IMU,1988.975,82.641,-36.254,-133.422,-0.05126,0.71191,-0.39941,30.73
$BARO,1988.983,99080.37,30.16
$HUM,1988.889,22.0,29.6
$BARO,1989.024,99077.76,30.16
$MAG,1989.032,0.028,-0.813,0.607,27.6
$IMU,1989.052,15.808,-88.989,-138.916,-0.56250,0.78125,-0.92919,30.72
$BARO,1989.065,99075.01,30.16
$HUM,1988.993,22.0,29.6
$BARO,1989.106,99078.20,30.16
$IMU,1989.128,-191.833,-89.294,-134.521,-1.27343,1.01171,-0.41308,30.77
$MAG,1989.134,0.108,-0.829,0.373,28.0
$BARO,1989.147,99070.62,30.16
$BARO,1989.187,99073.62,30.16
$HUM,1989.096,21.9,29.6
$IMU,1989.204,-244.750,-81.970,-51.269,-0.76611,0.38378,0.75146,30.77
$BARO,1989.228,99084.57,30.16
$MAG,1989.235,0.139,-0.775,0.265,27.6
$BARO,1989.269,99071.62,30.16
$IMU,1989.281,-117.370,-84.289,-44.067,-0.97949,0.68066,0.53662,30.75
$HUM,1989.199,21.9,29.6
$BARO,1989.310,99080.37,30.16
$MAG,1989.336,0.043,-0.655,0.058,27.5
$BARO,1989.351,99080.98,30.16
$IMU,1989.357,-213.317,-172.363,-0.305,-0.69042,0.54687,1.14843,30.76
$BARO,1989.391,99081.91,30.15
$HUM,1989.303,21.9,29.6
$BARO,1989.432,99075.81,30.16
$IMU,1989.434,-80.749,-63.720,14.282,-1.28369,0.78613,2.37841,30.79
$MAG,1989.438,0.010,-0.640,0.040,27.5
$BARO,1989.473,99079.59,30.16
$HUM,1989.406,21.8,29.6
$IMU,1989.510,63.720,-37.719,88.439,-2.00732,0.07470,3.39404,30.77
$BARO,1989.514,99082.98,30.16
$MAG,1989.539,-0.252,-0.642,0.172,27.5
$BARO,1989.555,99088.54,30.16
$IMU,1989.587,54.504,522.025,81.970,-0.10742,-0.12890,0.06005,30.73
$BARO,1989.596,99075.21,30.16
$HUM,1989.510,21.8,29.6
$BARO,1989.636,99077.16,30.16
$MAG,1989.641,-0.339,-0.628,0.595,27.5
$IMU,1989.663,32.287,412.284,31.188,0.09130,-0.00292,-0.07861,30.76
$BARO,1989.677,99069.21,30.16
$HUM,1989.613,21.8,29.6
$BARO,1989.718,99071.18,30.16
$IMU,1989.739,39.855,420.158,31.066,0.09277,-0.00097,-0.06542,30.71
$MAG,1989.742,0.069,-0.582,0.802,27.5
$BARO,1989.759,99072.38,30.16
$BARO,1989.800,99068.38,30.15
$HUM,1989.712,21.7,29.6
$IMU,1989.816,52.185,416.984,30.700,0.09716,0.00146,-0.06640,30.77
$BARO,1989.840,99067.97,30.15
$MAG,1989.843,0.409,-0.564,0.489,27.5
$BARO,1989.881,99060.60,30.15
$IMU,1989.892,62.438,418.326,30.090,0.09667,0.00488,-0.06933,30.69
$HUM,1989.813,21.7,29.6
$BARO,1989.922,99068.60,30.16
$MAG,1989.945,0.193,-0.603,0.100,27.7
$BARO,1989.963,99072.38,30.16
$VBAT,1989.968,4.096
$IMU,1989.969,72.387,420.585,29.357,0.09716,0.00683,-0.06494,30.72
$BARO,1990.004,99071.40,30.16
$HUM,1989.912,21.6,29.6
$BARO,1990.044,99071.96,30.15
$IMU,1990.045,79.284,422.355,28.747,0.10107,0.00830,-0.05908,30.75
$MAG,1990.046,-0.247,-0.657,0.184,27.6
$BARO,1990.085,99067.97,30.15
$HUM,1990.016,21.6,29.6
$IMU,1990.122,83.312,427.970,28.503,0.10253,0.01123,-0.06396,30.72
$BARO,1990.126,99070.55,30.15
$MAG,1990.147,-0.298,-0.663,0.640,27.5
$BARO,1990.167,99077.13,30.15
$IMU,1990.198,96.496,424.857,28.137,0.10791,0.01757,-0.10937,30.72
$BARO,1990.208,99068.97,30.15
$HUM,1990.119,21.6,29.6
$BARO,1990.248,99071.96,30.15
$MAG,1990.249,-0.402,-0.361,0.697,27.6
$IMU,1990.274,280.151,-50.781,181.701,2.66845,-0.70263,-3.00292,30.74
$BARO,1990.289,99075.18,30.16
$HUM,1990.222,21.5,29.6
$BARO,1990.330,99086.08,30.15
$MAG,1990.350,-0.511,-0.363,0.432,27.5
$IMU,1990.351,212.097,-522.636,37.536,0.62548,0.08251,0.50732,30.73
$BARO,1990.371,99074.13,30.15
$BARO,1990.412,99062.80,30.15
$IMU,1990.427,2.258,121.459,56.640,1.17529,-0.49121,-0.07324,30.76
$HUM,1990.326,21.5,29.6
$MAG,1990.451,-0.471,-0.316,0.243,27.6
$BARO,1990.452,99072.35,30.15
$BARO,1990.493,99078.25,30.14
$IMU,1990.504,-36.376,299.194,5.310,0.56982,-0.79638,0.02880,30.73
$HUM,1990.429,21.4,29.6
$BARO,1990.534,99065.99,30.15
$MAG,1990.553,-0.208,-0.376,-0.007,27.5
$BARO,1990.575,99075.52,30.15
$IMU,1990.580,51.391,404.663,-29.724,-0.31201,-0.30371,0.46533,30.73
$BARO,1990.616,99070.53,30.15
$HUM,1990.533,21.4,29.6
$MAG,1990.654,0.043,-0.567,0.034,27.5
$BARO,1990.656,99075.69,30.15
$IMU,1990.657,213.684,351.928,-31.188,-2.77929,1.05712,1.70751,30.75
$BARO,1990.697,99075.77,30.16
$HUM,1990.636,21.4,29.6
$IMU,1990.733,-61.157,-42.358,-19.958,-0.10058,0.06201,0.80859,30.75
$BARO,1990.738,99087.64,30.15
$MAG,1990.755,0.103,-0.357,-0.016,27.5
$BARO,1990.779,99091.61,30.15
$IMU,1990.809,-158.325,221.069,188.903,-0.92822,0.42529,0.67968,30.76
$BARO,1990.820,99085.27,30.15
$HUM,1990.740,21.3,29.6
$MAG,1990.857,0.277,-0.411,0.045,27.5
$BARO,1990.860,99076.72,30.15
$IMU,1990.886,30.273,168.151,59.448,-1.71679,0.13964,1.02197,30.75
$BARO,1990.901,99085.64,30.15
$BARO,1990.942,99065.75,30.15
$HUM,1990.843,21.4,29.6
$MAG,1990.958,0.330,-0.498,0.132,27.3
$IMU,1990.962,88.745,68.664,-24.536,-3.69775,-0.57666,0.98730,30.74
$BARO,1990.983,99062.99,30.15
$VBAT,1991.007,4.095
$BARO,1991.024,99063.41,30.15
$IMU,1991.039,182.922,157.470,201.599,-1.57666,-0.64062,0.38769,30.76
$HUM,1990.947,21.4,29.6
$MAG,1991.060,0.325,-0.651,0.306,27.6
$BARO,1991.064,99067.77,30.15
$BARO,1991.105,99073.35,30.15
$IMU,1991.115,240.905,-27.099,49.499,0.01171,0.01025,-0.00292,30.72
$BARO,1991.146,99065.19,30.15
$HUM,1991.050,21.5,29.6
$MAG,1991.161,0.318,-0.691,0.448,27.5
$BARO,1991.187,99064.19,30.15
$IMU,1991.191,245.727,-44.494,26.550,0.00830,0.01123,-0.00341,30.76
$BARO,1991.228,99074.55,30.15
$HUM,1991.153,21.6,29.6
$MAG,1991.262,0.319,-0.657,0.577,27.5
$BARO,1991.268,99061.04,30.16
$IMU,1991.268,244.506,-39.367,25.085,0.00634,0.01123,-0.00488,30.71
$BARO,1991.309,99059.41,30.15
$IMU,1991.344,244.445,-33.386,24.108,0.00341,0.01074,-0.00634,30.76
$HUM,1991.257,21.8,29.6
$BARO,1991.350,99061.04,30.16
$MAG,1991.364,0.315,-0.565,0.682,27.5
$BARO,1991.391,99067.19,30.15
$IMU,1991.421,244.812,-27.465,23.437,0.00341,0.01123,-0.00683,30.75
$BARO,1991.432,99068.16,30.15
$HUM,1991.360,22.0,29.6
$MAG,1991.465,0.318,-0.439,0.739,27.5
$BARO,1991.472,99064.99,30.15
$IMU,1991.497,245.239,-18.615,23.071,0.00244,0.01025,-0.00830,30.75
$BARO,1991.513,99072.18,30.16
$BARO,1991.554,99062.97,30.15
$HUM,1991.461,22.2,29.6
$MAG,1991.567,0.325,-0.292,0.727,27.5
$IMU,1991.574,245.605,-5.493,22.644,-0.00048,0.00878,-0.01025,30.75
$BARO,1991.595,99063.41,30.15
$BARO,1991.636,99062.77,30.15
$IMU,1991.650,243.835,10.925,22.155,-0.00390,0.00683,-0.01562,30.73
$HUM,1991.562,22.5,29.6
$MAG,1991.668,0.309,-0.142,0.681,27.5
$BARO,1991.677,99072.55,30.15
$BARO,1991.717,99061.80,30.15
$IMU,1991.726,238.342,29.541,21.606,-0.00781,0.00146,-0.01708,30.71
$BARO,1991.758,99072.11,30.15
$HUM,1991.666,22.7,29.6
$MAG,1991.769,0.294,-0.039,0.589,27.8
$BARO,1991.799,99075.30,30.15
$IMU,1991.803,220.642,54.382,10.375,-0.83300,-0.06103,-0.41552,30.72
$BARO,1991.840,99075.13,30.15
$HUM,1991.769,22.9,29.6
$MAG,1991.871,0.232,0.043,0.636,27.5
$IMU,1991.879,-15.136,123.901,-122.558,-2.08007,-2.41113,-2.00585,30.75
$BARO,1991.881,99068.97,30.15
$BARO,1991.921,99078.89,30.15
$IMU,1991.956,40.222,-58.593,35.095,-0.66601,-0.36279,0.01367,30.75
$BARO,1991.962,99068.14,30.15
$MAG,1991.972,0.244,0.036,0.625,27.6
$HUM,1991.873,23.1,29.6
$BARO,1992.003,99057.75,30.14
$IMU,1992.032,-25.024,-4.150,26.306,-0.84130,-0.35644,-0.45654,30.73
$VBAT,1992.038,4.088
$BARO,1992.044,99074.94,30.15
$HUM,1991.976,23.2,29.6
$MAG,1992.074,0.246,0.015,0.625,27.5
$BARO,1992.085,99071.16,30.15
$IMU,1992.109,2.746,-6.347,20.019,-0.86425,-0.38818,-0.49755,30.73
$BARO,1992.126,99075.30,30.15
$BARO,1992.166,99073.69,30.15
$HUM,1992.076,23.4,29.6
$MAG,1992.175,0.268,0.013,0.627,27.6
$IMU,1992.185,-5.554,-10.681,21.179,-0.81494,-0.41357,-0.51269,30.75
$BARO,1992.207,99074.89,30.15
$BARO,1992.248,99066.58,30.15
$IMU,1992.261,-0.671,-20.874,23.925,-0.87646,-0.38867,-0.55468,30.69
$HUM,1992.175,23.4,29.6
$MAG,1992.276,0.295,0.001,0.607,27.6
$BARO,1992.289,99075.50,30.15
$BARO,1992.330,99078.28,30.15
$IMU,1992.338,13.732,-63.964,24.169,-0.83203,-0.32128,-0.40722,30.77
$HUM,1992.275,23.5,29.6
$BARO,1992.370,99068.70,30.15
$MAG,1992.378,0.361,-0.013,0.487,27.5
$BARO,1992.411,99071.52,30.15
$IMU,1992.414,13.427,-188.903,59.936,-0.74951,-0.23876,-0.16699,30.71
$BARO,1992.452,99067.53,30.15
$HUM,1992.375,23.6,29.6
$MAG,1992.479,0.379,-0.130,0.201,27.5
$IMU,1992.491,-14.831,-384.094,143.737,-0.56933,-0.41308,-0.07128,30.73
$BARO,1992.493,99073.94,30.15
$BARO,1992.534,99067.75,30.15
$IMU,1992.567,-169.799,374.747,259.643,0.36279,0.32714,1.14355,30.76
$HUM,1992.474,23.7,29.6
$BARO,1992.575,99068.31,30.14
$MAG,1992.580,-0.004,-0.006,0.133,27.5
$BARO,1992.615,99078.33,30.15
$IMU,1992.643,-346.801,-310.852,81.665,0.97607,-0.73730,1.43408,30.74
$BARO,1992.656,99075.30,30.15
$HUM,1992.574,23.7,29.6
$MAG,1992.682,-0.030,0.078,0.283,27.6
$BARO,1992.697,99069.92,30.15
$IMU,1992.720,-208.374,-102.172,7.202,0.21826,-0.20996,0.64648,30.78
$BARO,1992.738,99070.28,30.15
$HUM,1992.673,23.8,29.6
$BARO,1992.779,99083.66,30.15
$MAG,1992.783,0.193,0.021,0.582,27.5
$IMU,1992.796,-387.878,-433.410,187.255,0.11669,-0.58837,-1.01220,30.75
$BARO,1992.819,99067.75,30.15
$BARO,1992.860,99069.53,30.15
$HUM,1992.773,23.9,29.6
$IMU,1992.873,-178.527,-93.872,38.757,0.23974,-0.72802,-0.55517,30.75
$MAG,1992.884,0.169,-0.007,0.652,27.5
$BARO,1992.901,99067.53,30.15
$BARO,1992.942,99070.92,30.15
$IMU,1992.949,-43.090,33.813,24.658,0.23583,-0.70605,-0.68164,30.71
$HUM,1992.873,24.0,29.6
$BARO,1992.983,99068.31,30.14
$MAG,1992.986,0.177,-0.034,0.684,27.5
$BARO,1993.024,99070.53,30.15
$IMU,1993.026,-24.658,33.142,36.193,0.26367,-0.68994,-0.68652,30.77
$VBAT,1993.039,4.092
$HUM,1992.973,24.1,29.6
$BARO,1993.064,99064.89,30.14
$MAG,1993.087,0.187,-0.051,0.694,27.5
$IMU,1993.102,-10.986,35.156,37.536,0.25195,-0.71289,-0.67041,30.73
$BARO,1993.105,99064.11,30.15
$BARO,1993.146,99074.47,30.14
$HUM,1993.072,24.3,29.6
$IMU,1993.178,-10.498,35.583,39.978,0.23876,-0.70800,-0.68652,30.73
$BARO,1993.187,99073.69,30.15
$MAG,1993.189,0.178,-0.073,0.723,27.6
$BARO,1993.228,99076.86,30.14
$IMU,1993.255,-10.009,37.780,40.100,0.23095,-0.69873,-0.68115,30.75
$HUM,1993.172,24.4,29.6
$BARO,1993.268,99067.11,30.14
$MAG,1993.290,0.160,-0.109,0.736,27.5
$BARO,1993.309,99067.70,30.15
$IMU,1993.331,-9.704,38.879,38.146,0.22998,-0.70849,-0.66455,30.76
$BARO,1993.350,99073.45,30.14
$HUM,1993.271,24.5,29.6
$BARO,1993.391,99072.52,30.15
$MAG,1993.391,0.162,-0.109,0.754,27.5
$IMU,1993.408,-12.390,39.367,36.865,0.23437,-0.71093,-0.67578,30.71
$BARO,1993.432,99070.28,30.15
$HUM,1993.371,24.6,29.6
$BARO,1993.472,99074.86,30.14
$IMU,1993.484,-14.099,39.184,36.926,0.22705,-0.70068,-0.67675,30.71
$MAG,1993.493,0.135,-0.133,0.775,27.5
$BARO,1993.513,99074.47,30.14
$BARO,1993.554,99071.52,30.15
$IMU,1993.561,-17.700,41.381,37.109,0.23242,-0.70751,-0.67773,30.75
$HUM,1993.472,24.8,29.6
$MAG,1993.594,0.115,-0.168,0.786,27.5
$BARO,1993.595,99074.86,30.14
$BARO,1993.636,99073.26,30.14
$IMU,1993.637,-28.381,46.325,38.269,0.24072,-0.70361,-0.67675,30.70
$HUM,1993.572,24.9,29.6
$BARO,1993.677,99071.67,30.15
$MAG,1993.696,0.072,-0.204,0.820,27.6
$IMU,1993.713,-46.997,64.086,43.334,0.31884,-0.77783,-0.62792,30.73
$BARO,1993.717,99063.12,30.15
$BARO,1993.758,99072.87,30.15
$HUM,1993.672,25.0,29.6
$IMU,1993.790,-90.148,91.735,61.584,0.43603,-0.72314,-0.77636,30.73
$MAG,1993.797,-0.006,-0.295,0.853,27.6
$BARO,1993.799,99077.08,30.15
$BARO,1993.840,99069.09,30.14
$HUM,1993.772,25.2,29.6
$IMU,1993.866,-91.247,115.661,67.749,0.48974,-0.83642,-0.92626,30.77
$BARO,1993.881,99070.89,30.14
$MAG,1993.898,-0.096,-0.358,0.852,27.5
$BARO,1993.921,99068.70,30.14
$IMU,1993.943,-97.961,101.257,99.182,0.46435,-1.05078,-0.98046,30.74
$HUM,1993.872,25.4,29.6
$BARO,1993.962,99070.89,30.15
$MAG,1994.000,-0.177,-0.369,0.832,27.6
$BARO,1994.003,99066.70,30.14
$IMU,1994.019,-81.787,89.416,116.149,1.35302,-0.83154,-2.27099,30.74
$VBAT,1994.042,4.095
$BARO,1994.044,99074.45,30.14
$HUM,1993.972,25.6,29.6
$BARO,1994.085,99061.53,30.15
$IMU,1994.096,-92.529,-209.777,168.701,1.92089,-0.63085,-1.70166,30.77
$MAG,1994.101,0.166,-0.457,0.826,27.6
$BARO,1994.125,99071.67,30.14
$BARO,1994.166,99063.33,30.14
$HUM,1994.072,25.7,29.6
$IMU,1994.172,-192.077,471.061,157.104,0.05859,-0.04638,-0.04931,30.75
$MAG,1994.203,0.390,-0.607,0.375,27.5
$BARO,1994.207,99064.50,30.14
$BARO,1994.248,99059.53,30.14
$IMU,1994.248,-139.343,432.914,135.986,0.07177,-0.04003,-0.06542,30.78
$HUM,1994.174,25.9,29.5
$BARO,1994.289,99061.92,30.14
$MAG,1994.304,0.006,-0.646,0.075,27.3
$IMU,1994.325,-49.804,418.876,136.352,0.08984,-0.02783,-0.07080,30.73
$BARO,1994.329,99054.95,30.14
$BARO,1994.370,99062.34,30.14
$HUM,1994.277,26.1,29.6
$IMU,1994.401,43.212,416.373,135.864,0.10693,-0.01025,-0.07177,30.76
$MAG,1994.405,-0.387,-0.622,0.403,27.5
$BARO,1994.411,99055.75,30.14
$BARO,1994.452,99061.48,30.13
$HUM,1994.380,26.4,29.6
$IMU,1994.478,134.643,427.909,134.887,0.11767,0.00830,-0.07910,30.75
$BARO,1994.493,99070.67,30.14
$MAG,1994.507,-0.147,-0.450,0.852,27.5
$BARO,1994.533,99060.68,30.13
$IMU,1994.554,221.862,449.332,133.483,0.12158,0.02685,-0.08496,30.76
$BARO,1994.574,99069.28,30.14
$HUM,1994.484,26.5,29.6
$MAG,1994.608,0.334,-0.213,0.684,27.5
$BARO,1994.615,99059.09,30.13
$IMU,1994.631,297.607,488.212,131.530,0.11621,0.04199,-0.07812,30.74
$BARO,1994.656,99067.70,30.14
$HUM,1994.587,26.7,29.6
$BARO,1994.697,99073.26,30.14
$IMU,1994.707,309.143,-395.629,54.504,-2.86425,-1.91113,0.57617,30.72
$MAG,1994.710,0.337,-0.096,0.603,27.6
$BARO,1994.737,99060.73,30.14
$BARO,1994.778,99061.87,30.13
$IMU,1994.783,195.922,-440.604,-291.015,0.38037,-0.89453,-0.97802,30.74
$HUM,1994.691,26.8,29.6
$MAG,1994.811,0.135,0.082,0.468,27.5
$BARO,1994.819,99069.28,30.14
$IMU,1994.860,182.250,127.868,13.244,-0.33691,-0.31738,0.73779,30.73
$BARO,1994.860,99071.82,30.13
$HUM,1994.794,26.9,29.6
$BARO,1994.901,99064.70,30.14
$MAG,1994.912,-0.064,0.022,0.676,27.5
$IMU,1994.936,-212.585,180.175,-153.991,0.02441,-0.63134,-0.04003,30.74
$BARO,1994.941,99068.67,30.14
$BARO,1994.982,99063.70,30.14
$HUM,1994.897,27.1,29.6
$IMU,1995.013,-302.001,133.422,-256.958,0.78369,-0.51074,-0.52539,30.75
$MAG,1995.014,-0.213,-0.241,0.814,27.5
$BARO,1995.023,99071.48,30.14
$BARO,1995.064,99068.23,30.13
$VBAT,1995.076,4.092
$IMU,1995.089,-274.963,-83.312,-65.002,0.38574,-0.09375,-0.81884,30.74
$HUM,1995.001,27.1,29.6
$BARO,1995.105,99065.46,30.13
$MAG,1995.115,-0.145,-0.531,0.826,27.7
$BARO,1995.145,99070.84,30.13
$IMU,1995.165,-332.153,-63.476,-29.174,0.51660,0.21240,-0.96777,30.75
$BARO,1995.186,99067.21,30.13
$HUM,1995.102,27.1,29.6
$MAG,1995.217,-0.174,-0.694,0.687,27.6
$BARO,1995.227,99074.01,30.13
$IMU,1995.242,-254.943,26.123,33.569,0.51123,0.51904,-1.11962,30.73
$BARO,1995.268,99062.07,30.13
$HUM,1995.201,27.1,29.6
$BARO,1995.309,99077.01,30.13
$MAG,1995.318,-0.321,-0.700,0.465,27.6
$IMU,1995.318,-214.782,109.436,105.224,0.87353,0.86328,-0.91845,30.72
$BARO,1995.349,99074.25,30.14
$BARO,1995.390,99070.99,30.13
$IMU,1995.395,-177.795,44.372,127.807,0.86621,0.85986,-0.70507,30.73
$HUM,1995.301,27.1,29.6
$MAG,1995.419,-0.369,-0.652,0.423,27.5
$BARO,1995.431,99077.40,30.13
$IMU,1995.471,-45.837,-52.978,43.334,0.55517,0.73681,-0.75585,30.72
$BARO,1995.472,99077.40,30.13
$HUM,1995.401,27.0,29.6
$BARO,1995.513,99071.04,30.13
$MAG,1995.521,-0.384,-0.633,0.450,27.5
$IMU,1995.548,36.132,6.286,25.512,0.66259,0.48339,-0.63037,30.72
$BARO,1995.553,99069.23,30.13
$BARO,1995.594,99066.45,30.13
$HUM,1995.500,27.0,29.6
$MAG,1995.622,-0.426,-0.582,0.448,27.6
$IMU,1995.624,42.663,39.733,65.795,0.84765,0.34619,-0.50537,30.71
$BARO,1995.635,99067.21,30.13
$BARO,1995.676,99069.23,30.13
$HUM,1995.600,26.9,29.6
$IMU,1995.700,45.959,14.709,57.128,0.68359,0.30126,-0.58496,30.75
$BARO,1995.717,99081.54,30.13
$MAG,1995.724,-0.429,-0.541,0.460,27.5
$BARO,1995.758,99066.58,30.12
$IMU,1995.777,60.363,1.098,25.695,0.87988,0.39257,-0.55224,30.72
$HUM,1995.700,26.8,29.6
$BARO,1995.798,99066.26,30.13
$MAG,1995.825,-0.426,-0.547,0.508,27.5
$BARO,1995.839,99069.60,30.13
$IMU,1995.853,77.514,-21.667,-3.112,0.93066,0.46484,-0.58789,30.73
$BARO,1995.880,99071.18,30.13
$HUM,1995.800,26.8,29.6
$BARO,1995.921,99063.04,30.13
$MAG,1995.926,-0.402,-0.537,0.579,27.5
$IMU,1995.930,110.900,-34.240,-28.625,0.80126,0.41406,-0.53417,30.73
$BARO,1995.962,99067.41,30.13
$HUM,1995.900,26.7,29.6
$BARO,1996.002,99065.58,30.13
$IMU,1996.006,132.507,-26.733,-58.593,0.87402,0.33447,-0.47656,30.75
$MAG,1996.028,-0.379,-0.531,0.642,27.5
$BARO,1996.043,99058.70,30.13
$VBAT,1996.077,4.084
$IMU,1996.083,138.366,-2.624,-34.973,0.95166,0.56591,-0.45117,30.76
$BARO,1996.084,99069.16,30.13
$HUM,1995.999,26.6,29.6
$BARO,1996.125,99064.43,30.13
$MAG,1996.129,-0.369,-0.469,0.679,27.3
$IMU,1996.159,168.395,8.728,-26.550,0.98437,0.56347,-0.57568,30.74
$BARO,1996.166,99071.99,30.13
$HUM,1996.099,26.5,29.6
$BARO,1996.206,99068.40,30.13
$MAG,1996.231,-0.336,-0.382,0.733,27.5
$IMU,1996.235,197.326,-25.634,-34.179,0.96582,0.88427,-0.79443,30.75
$BARO,1996.247,99069.16,30.13
$BARO,1996.288,99067.21,30.13
$HUM,1996.198,26.4,29.6
$IMU,1996.312,236.999,-45.104,-19.409,1.20751,0.96142,-0.58300,30.73
$BARO,1996.329,99065.24,30.13
$MAG,1996.332,-0.295,-0.229,0.751,27.5
$BARO,1996.370,99066.38,30.12
$IMU,1996.388,269.836,-99.365,-42.480,1.61230,0.72802,0.06347,30.75
$HUM,1996.298,26.3,29.6
$BARO,1996.411,99061.41,30.13
$MAG,1996.434,-0.229,-0.087,0.724,27.3
$BARO,1996.451,99065.58,30.13
$IMU,1996.465,251.342,-118.286,-38.146,1.34765,0.31542,0.13525,30.72
$BARO,1996.492,99066.82,30.13
$HUM,1996.398,26.2,29.6
$BARO,1996.533,99065.82,30.13
$MAG,1996.535,-0.186,0.004,0.627,27.7
$IMU,1996.541,223.632,-121.765,-51.086,1.18896,0.11083,-0.05224,30.70
$BARO,1996.574,99066.77,30.13
$HUM,1996.498,26.1,29.6
$BARO,1996.615,99063.16,30.12
$IMU,1996.618,203.979,-122.375,-52.307,1.25244,0.19238,-0.06738,30.75
$MAG,1996.636,-0.178,0.061,0.505,27.5
$BARO,1996.655,99068.38,30.13
$IMU,1996.694,194.641,-123.046,-45.166,1.27539,0.12451,0.00146,30.76
$HUM,1996.599,26.0,29.6
$BARO,1996.696,99057.63,30.13
$BARO,1996.737,99067.19,30.13
$MAG,1996.738,-0.223,0.057,0.402,27.5
$IMU,1996.770,175.659,-127.319,-41.320,1.27734,0.03515,-0.05810,30.71
$BARO,1996.778,99064.82,30.13
$HUM,1996.702,25.9,29.5
$BARO,1996.819,99079.32,30.13
$MAG,1996.839,-0.261,0.021,0.333,27.5
$IMU,1996.847,174.377,-135.864,-48.461,1.19238,-0.15625,-0.06005,30.72
$BARO,1996.860,99069.16,30.12
$HUM,1996.802,25.8,29.6
$BARO,1996.900,99064.19,30.12
$IMU,1996.923,169.494,-122.131,-39.428,1.23632,-0.15136,-0.14599,30.71
$BARO,1996.941,99065.99,30.13
$MAG,1996.941,-0.337,-0.037,0.303,27.5
$BARO,1996.982,99070.96,30.13
$HUM,1996.902,25.7,29.6
$IMU,1997.000,178.894,-130.737,-46.081,1.29296,-0.15771,-0.04150,30.72
$BARO,1997.023,99065.24,30.13
$MAG,1997.042,-0.387,-0.091,0.301,27.8
$BARO,1997.064,99062.60,30.13
$IMU,1997.076,173.461,-132.385,-33.081,1.23388,-0.10498,-0.05224,30.75
$VBAT,1997.082,4.098
$HUM,1997.001,25.6,29.5
$BARO,1997.104,99065.77,30.13
$MAG,1997.143,-0.424,-0.144,0.339,27.6
$BARO,1997.145,99070.77,30.12
$IMU,1997.152,178.466,-137.756,-20.812,1.18652,-0.02539,-0.09814,30.71
$BARO,1997.186,99066.55,30.12
$HUM,1997.101,25.5,29.6
$BARO,1997.227,99070.96,30.12
$IMU,1997.229,211.242,-160.278,-22.338,1.30322,-0.02294,-0.01855,30.72
$MAG,1997.245,-0.450,-0.190,0.417,27.6
$BARO,1997.268,99066.19,30.12
$HUM,1997.201,25.4,29.5
$IMU,1997.305,253.662,-190.795,-13.854,1.37304,-0.08935,0.06738,30.75
$BARO,1997.308,99064.55,30.12
$MAG,1997.346,-0.441,-0.186,0.517,27.5
$BARO,1997.349,99070.72,30.12
$IMU,1997.382,241.394,-196.960,-10.986,1.02099,-0.61181,0.14550,30.74
$BARO,1997.390,99069.01,30.13
$HUM,1997.302,25.3,29.6
$BARO,1997.431,99053.85,30.12
$MAG,1997.447,-0.403,-0.142,0.564,27.5
$IMU,1997.458,124.816,-121.826,19.226,0.95458,-0.54394,-0.09814,30.75
$BARO,1997.472,99067.53,30.12
$HUM,1997.406,25.2,29.5
$BARO,1997.512,99061.58,30.12
$IMU,1997.535,106.628,-114.135,-3.723,1.07763,-0.36279,-0.26171,30.69
$MAG,1997.549,-0.363,-0.117,0.610,27.5
$BARO,1997.553,99061.99,30.12
$BARO,1997.594,99074.13,30.12
$HUM,1997.508,25.1,29.5
$IMU,1997.611,133.178,-134.277,-8.300,1.07226,-0.27685,-0.22363,30.73
$BARO,1997.635,99062.99,30.12
$MAG,1997.650,-0.304,-0.067,0.615,27.6
$BARO,1997.676,99065.19,30.12
$IMU,1997.687,138.183,-131.408,2.563,1.07128,-0.31738,-0.16503,30.71
$HUM,1997.607,25.0,29.6
$BARO,1997.716,99064.75,30.12
$MAG,1997.752,-0.253,-0.027,0.615,27.5
$BARO,1997.757,99062.21,30.12
$IMU,1997.764,128.967,-144.714,-0.366,1.01220,-0.37304,-0.07226,30.75
$HUM,1997.706,24.9,29.5
$BARO,1997.798,99059.02,30.12
$BARO,1997.839,99072.11,30.12
$IMU,1997.840,130.432,-141.479,-2.746,1.06201,-0.33984,-0.03466,30.73
$MAG,1997.853,-0.189,0.024,0.589,27.5
$BARO,1997.880,99062.77,30.12
$HUM,1997.806,24.9,29.6
$IMU,1997.917,132.507,-151.184,-3.112,1.08447,-0.37451,0.00439,30.70
$BARO,1997.920,99063.16,30.12
$MAG,1997.954,-0.138,0.064,0.541,27.6
$BARO,1997.961,99058.19,30.12
$IMU,1997.993,130.981,-144.897,-0.122,1.07910,-0.41162,-0.00537,30.73
$BARO,1998.002,99063.94,30.12
$HUM,1997.906,24.8,29.5
$BARO,1998.043,99063.19,30.13
$MAG,1998.056,-0.102,0.094,0.453,27.5
$IMU,1998.070,132.629,-151.733,3.356,1.09570,-0.40185,0.02343,30.74
$BARO,1998.084,99060.02,30.12
$VBAT,1998.091,4.088
$HUM,1998.006,24.7,29.6
$BARO,1998.124,99064.36,30.12
$IMU,1998.146,133.666,-151.672,7.629,1.09228,-0.43554,0.04541,30.74
$MAG,1998.157,-0.103,0.085,0.354,27.6
$BARO,1998.165,99064.80,30.12
$HUM,1998.107,24.6,29.5
$BARO,1998.206,99072.69,30.12
$IMU,1998.222,136.047,-163.024,6.591,1.10498,-0.48535,0.09912,30.74
$BARO,1998.247,99072.72,30.12
$MAG,1998.258,-0.135,0.070,0.283,27.5
$BARO,1998.288,99072.30,30.12
$IMU,1998.299,130.004,-162.536,12.451,1.06054,-0.48583,0.08251,30.73
$HUM,1998.207,24.5,29.5
$BARO,1998.328,99065.72,30.12
$MAG,1998.360,-0.189,0.039,0.228,27.5
$BARO,1998.369,99067.14,30.12
$IMU,1998.375,129.760,-167.114,17.639,1.01660,-0.50195,0.12548,30.76
$HUM,1998.308,24.5,29.5
$BARO,1998.410,99069.77,30.12
$BARO,1998.451,99059.41,30.12
$IMU,1998.452,124.694,-169.433,17.272,0.98242,-0.52294,0.15185,30.73
$MAG,1998.461,-0.243,0.006,0.219,27.6
$BARO,1998.492,99065.14,30.12
$HUM,1998.408,24.5,29.6
$IMU,1998.528,120.117,-171.630,20.324,0.92333,-0.55615,0.19042,30.69
$BARO,1998.532,99074.47,30.12
$MAG,1998.563,-0.304,-0.028,0.241,27.5
$BARO,1998.573,99072.72,30.12
$IMU,1998.605,111.755,-175.720,10.986,0.91210,-0.57421,0.17089,30.76
$HUM,1998.508,24.4,29.5
$BARO,1998.614,99055.41,30.12
$BARO,1998.655,99062.94,30.11
$MAG,1998.664,-0.360,-0.067,0.289,27.6
$IMU,1998.681,109.191,-169.311,7.019,0.94580,-0.57226,0.15771,30.73
$BARO,1998.696,99062.55,30.12
$HUM,1998.608,24.4,29.6
$BARO,1998.736,99068.70,30.12
$IMU,1998.757,108.886,-167.968,7.873,0.91308,-0.60546,0.15673,30.74
$MAG,1998.765,-0.385,-0.078,0.352,27.5
$BARO,1998.777,99066.94,30.12
$HUM,1998.710,24.3,29.5
$BARO,1998.818,99058.95,30.11
$IMU,1998.834,106.689,-166.320,7.751,0.89843,-0.63476,0.14355,30.74
$BARO,1998.859,99066.72,30.11
$MAG,1998.867,-0.391,-0.076,0.421,27.5
$BARO,1998.900,99066.92,30.12
$IMU,1998.910,105.102,-162.170,11.718,0.91650,-0.62988,0.14160,30.72
$HUM,1998.814,24.2,29.6
$BARO,1998.940,99065.48,30.11
$MAG,1998.968,-0.375,-0.067,0.492,27.5
$BARO,1998.981,99070.72,30.12
$IMU,1998.987,105.224,-162.780,11.901,0.89160,-0.66210,0.15478,30.74
$HUM,1998.917,24.2,29.5
$BARO,1999.022,99069.70,30.12
$BARO,1999.063,99062.73,30.12
$IMU,1999.063,99.975,-160.461,17.822,0.85156,-0.67138,0.16552,30.71
$MAG,1999.069,-0.334,-0.045,0.540,27.5
$BARO,1999.104,99057.39,30.12
$VBAT,1999.111,4.093
$HUM,1999.020,24.1,29.6
$IMU,1999.139,95.642,-161.560,15.563,0.83203,-0.66064,0.16015,30.73
$BARO,1999.144,99073.89,30.12
$MAG,1999.171,-0.274,-0.016,0.562,27.5
$BARO,1999.185,99061.14,30.11
$IMU,1999.216,95.581,-165.344,11.413,0.77636,-0.64648,0.11572,30.73
$HUM,1999.122,24.1,29.5
$BARO,1999.226,99056.92,30.11
$BARO,1999.267,99064.14,30.12
$MAG,1999.272,-0.202,0.022,0.573,27.5
$IMU,1999.292,106.262,-163.635,22.888,0.79980,-0.71582,0.19042,30.69
$BARO,1999.308,99070.14,30.12
$HUM,1999.222,24.1,29.5
$BARO,1999.348,99063.51,30.11
$IMU,1999.369,85.144,-159.667,40.405,0.75292,-0.75341,0.16503,30.70
$MAG,1999.373,-0.112,0.057,0.579,27.6
$BARO,1999.389,99076.67,30.12
$HUM,1999.322,24.0,29.6
$BARO,1999.430,99058.56,30.12
$IMU,1999.445,74.279,-163.635,27.832,0.72705,-0.79687,0.13916,30.74
$BARO,1999.471,99065.89,30.11
$MAG,1999.475,-0.051,0.088,0.540,27.5
$BARO,1999.512,99067.94,30.12
$HUM,1999.422,24.0,29.5
$IMU,1999.522,67.260,-159.729,20.202,0.72460,-0.78271,0.09277,30.76
$BARO,1999.552,99065.11,30.11
$MAG,1999.576,0.006,0.097,0.487,27.5
$BARO,1999.593,99060.51,30.11
$IMU,1999.598,67.626,-165.893,19.165,0.74023,-0.79345,0.08691,30.73
$HUM,1999.521,24.0,29.6
$BARO,1999.634,99060.56,30.11
$IMU,1999.674,65.795,-166.748,25.268,0.69189,-0.77392,0.09375,30.77
$BARO,1999.675,99075.84,30.11
$MAG,1999.678,0.045,0.103,0.408,27.5
$HUM,1999.621,23.9,29.6
$BARO,1999.716,99053.15,30.11
$IMU,1999.751,67.932,-167.175,14.648,0.63916,-0.82031,0.11669,30.73
$BARO,1999.756,99067.28,30.11
$MAG,1999.779,0.042,0.096,0.330,27.5
$BARO,1999.797,99067.11,30.12
$HUM,1999.721,23.9,29.5
$IMU,1999.827,65.856,-165.893,9.887,0.69091,-0.83251,0.14746,30.73
$BARO,1999.838,99070.26,30.11
$BARO,1999.879,99071.06,30.11
$MAG,1999.880,-0.003,0.094,0.271,27.5
$IMU,1999.904,58.593,-167.480,6.347,0.64306,-0.80615,0.09863,30.74
$HUM,1999.820,23.9,29.5
$BARO,1999.920,99073.28,30.11
$BARO,1999.960,99065.33,30.11
$IMU,1999.980,57.250,-163.269,5.187,0.66894,-0.80517,0.09033,30.73
$MAG,1999.982,-0.058,0.082,0.244,27.6
$BARO,2000.001,99064.33,30.12
$HUM,1999.920,23.9,29.5
$BARO,2000.042,99058.73,30.11
$IMU,2000.057,60.546,-158.569,9.826,0.67041,-0.81689,0.09619,30.71
$BARO,2000.083,99065.92,30.12
$MAG,2000.083,-0.115,0.058,0.217,27.7
$VBAT,2000.112,4.090
$HUM,2000.020,24.0,29.6
$BARO,2000.124,99074.86,30.12
$IMU,2000.133,61.340,-156.311,13.244,0.63281,-0.82666,0.08886,30.73
$BARO,2000.164,99066.67,30.11
$MAG,2000.184,-0.166,0.042,0.216,27.5
$BARO,2000.205,99059.95,30.11
$IMU,2000.209,58.410,-156.738,12.451,0.65625,-0.82031,0.07373,30.73
$HUM,2000.120,24.0,29.5
$BARO,2000.246,99070.31,30.11
$MAG,2000.286,-0.226,0.019,0.235,27.5
$IMU,2000.286,56.335,-162.658,14.404,0.64843,-0.81396,0.07861,30.75
$BARO,2000.287,99068.26,30.11
$HUM,2000.220,24.0,29.5
$BARO,2000.328,99060.90,30.11
$IMU,2000.362,73.486,-146.179,23.986,0.66943,-0.85693,0.18164,30.71
$BARO,2000.368,99065.09,30.11
$MAG,2000.387,-0.247,0.007,0.250,27.5
$BARO,2000.409,99069.06,30.11
$HUM,2000.320,24.0,29.6
$IMU,2000.439,61.889,-149.963,44.982,0.54150,-0.86718,0.21582,30.71
$BARO,2000.450,99074.43,30.11
$MAG,2000.488,-0.268,0.013,0.303,27.5
$BARO,2000.491,99064.29,30.11
$IMU,2000.515,41.198,-170.837,33.386,0.52001,-0.87011,0.20214,30.73
$HUM,2000.419,24.0,29.5
$BARO,2000.532,99065.48,30.11
$BARO,2000.572,99066.92,30.11
$MAG,2000.590,-0.268,0.021,0.345,27.5
$IMU,2000.592,52.185,-160.827,31.555,0.49218,-0.85937,0.21826,30.71
$BARO,2000.613,99071.84,30.11
$HUM,2000.519,24.0,29.5
$BARO,2000.654,99061.31,30.11
$IMU,2000.668,48.950,-153.381,17.028,0.50244,-0.94189,0.27197,30.71
$MAG,2000.691,-0.271,0.033,0.396,27.5
$BARO,2000.695,99051.93,30.11
$HUM,2000.619,24.0,29.5
$BARO,2000.736,99070.70,30.11
$IMU,2000.744,42.175,-144.775,26.062,0.50927,-0.89208,0.22460,30.72
$BARO,2000.776,99074.08,30.11
$MAG,2000.793,-0.253,0.040,0.444,27.5
$HUM,2000.719,24.0,29.6
$BARO,2000.817,99064.09,30.11
$IMU,2000.821,46.691,-146.606,31.982,0.47265,-0.89794,0.24072,30.75
$BARO,2000.858,99065.09,30.11
$MAG,2000.894,-0.183,0.057,0.454,27.5
$IMU,2000.897,49.316,-138.122,50.659,0.42822,-0.90722,0.28320,30.74
$BARO,2000.899,99065.48,30.11
$HUM,2000.819,24.0,29.6
$BARO,2000.940,99070.26,30.11
$IMU,2000.974,40.649,-125.061,65.490,0.41455,-0.90869,0.34130,30.72
$BARO,2000.980,99056.53,30.11
$MAG,2000.995,-0.129,0.081,0.480,27.5
$HUM,2000.918,24.0,29.5
$BARO,2001.021,99067.28,30.11
$IMU,2001.050,20.996,-146.240,48.950,0.32714,-0.93603,0.37939,30.69
$BARO,2001.062,99067.23,30.11
$MAG,2001.097,-0.076,0.091,0.505,27.5
$BARO,2001.103,99067.84,30.11
$VBAT,2001.112,4.095
$HUM,2001.018,24.0,29.5
$IMU,2001.126,13.000,-151.000,38.146,0.31933,-0.91894,0.34765,30.75
$BARO,2001.144,99058.31,30.11
$BARO,2001.184,99067.06,30.11
$MAG,2001.198,-0.025,0.097,0.508,27.5
$IMU,2001.203,9.887,-151.611,29.113,0.36181,-0.95214,0.34960,30.75
$HUM,2001.118,24.0,29.5
$BARO,2001.225,99069.45,30.11
$BARO,2001.266,99070.87,30.11
$IMU,2001.279,1.586,-147.094,37.353,0.37109,-0.94482,0.32080,30.71
$MAG,2001.299,0.042,0.085,0.522,27.8
$BARO,2001.307,99064.70,30.11
$HUM,2001.218,24.0,29.5
$BARO,2001.348,99065.02,30.10
$IMU,2001.356,-1.770,-153.686,36.987,0.35156,-0.92138,0.27685,30.72
$BARO,2001.388,99064.21,30.10
$MAG,2001.401,0.106,0.081,0.490,27.5
$HUM,2001.318,24.0,29.5
$BARO,2001.429,99058.12,30.11
$IMU,2001.432,1.831,-152.160,39.428,0.26757,-0.92724,0.25146,30.67
$BARO,2001.470,99066.02,30.10
$MAG,2001.502,0.153,0.064,0.453,27.3
$IMU,2001.509,3.723,-147.277,33.996,0.29833,-0.95312,0.21044,30.69
$BARO,2001.511,99062.65,30.11
$HUM,2001.417,24.0,29.5
$BARO,2001.552,99058.87,30.11
$IMU,2001.585,11.413,-141.052,27.465,0.26660,-0.96044,0.20117,30.69
$BARO,2001.592,99070.23,30.11
$MAG,2001.603,0.169,0.073,0.393,27.5
$HUM,2001.517,24.0,29.5
$BARO,2001.633,99067.43,30.11
$IMU,2001.661,18.310,-138.305,16.479,0.34179,-0.99365,0.22705,30.71
$BARO,2001.674,99074.60,30.11
$MAG,2001.705,0.181,0.054,0.327,27.6
$HUM,2001.617,24.0,29.5
$BARO,2001.715,99071.01,30.10
$IMU,2001.738,10.925,-144.836,31.127,0.34472,-0.94921,0.24951,30.70
$BARO,2001.756,99066.65,30.11
$BARO,2001.796,99066.65,30.10
$MAG,2001.806,0.163,0.063,0.264,27.5
$HUM,2001.719,23.9,29.5
$IMU,2001.814,10.131,-153.808,26.000,0.26171,-0.91650,0.25634,30.69
$BARO,2001.837,99069.04,30.11
$BARO,2001.878,99068.04,30.11
$IMU,2001.891,10.864,-151.367,22.766,0.25683,-0.93945,0.25683,30.72
$MAG,2001.908,0.126,0.048,0.211,27.5
$BARO,2001.919,99064.46,30.11
$HUM,2001.822,23.9,29.5
$BARO,2001.960,99064.07,30.11
$IMU,2001.967,12.023,-144.897,19.897,0.32910,-0.96142,0.22558,30.75
$BARO,2002.000,99066.04,30.10
$MAG,2002.009,0.063,0.039,0.180,27.6
$HUM,2001.925,23.9,29.5
$BARO,2002.041,99069.62,30.10
$IMU,2002.044,14.648,-144.653,23.803,0.33251,-0.97070,0.24511,30.72
$BARO,2002.082,99067.04,30.10
$MAG,2002.110,0.006,0.037,0.159,27.5
$IMU,2002.120,15.319,-145.202,25.939,0.31640,-0.96044,0.24804,30.71
$BARO,2002.123,99066.67,30.11
$HUM,2002.029,23.9,29.5
$VBAT,2002.130,4.079
$BARO,2002.164,99060.04,30.10
$IMU,2002.196,13.793,-145.019,26.000,0.33642,-0.95507,0.24609,30.69
$BARO,2002.204,99071.43,30.11
$MAG,2002.212,-0.045,0.033,0.157,27.5
$HUM,2002.133,23.9,29.5
$BARO,2002.245,99061.26,30.11
$IMU,2002.273,14.099,-145.263,27.038,0.34423,-0.94433,0.26171,30.69
$BARO,2002.286,99062.63,30.10
$MAG,2002.313,-0.106,0.037,0.171,27.6
$BARO,2002.327,99066.04,30.11
$HUM,2002.236,23.8,29.5
$IMU,2002.349,15.625,-145.935,27.709,0.31835,-0.92724,0.25683,30.71
$BARO,2002.368,99071.96,30.10
$BARO,2002.408,99070.45,30.11
$MAG,2002.414,-0.151,0.025,0.193,27.6
$IMU,2002.426,16.845,-145.812,25.573,0.34326,-0.94482,0.27832,30.70
$HUM,2002.339,23.8,29.5
$BARO,2002.449,99067.43,30.11
$BARO,2002.490,99073.40,30.11
$IMU,2002.502,15.808,-145.019,27.343,0.32958,-0.94140,0.28417,30.68
$MAG,2002.516,-0.189,0.031,0.232,27.5
$HUM,2002.443,23.8,29.5
$BARO,2002.531,99063.82,30.10
$BARO,2002.572,99070.79,30.10
$IMU,2002.579,15.319,-144.287,26.794,0.33984,-0.93212,0.28125,30.74
$BARO,2002.612,99068.40,30.10
$MAG,2002.617,-0.220,0.031,0.280,27.5
$HUM,2002.542,23.7,29.5
$BARO,2002.653,99063.65,30.11
$IMU,2002.655,14.892,-143.737,26.428,0.33203,-0.93554,0.27636,30.71
$BARO,2002.694,99057.61,30.09
$MAG,2002.719,-0.244,0.049,0.334,27.6
$IMU,2002.731,16.601,-142.639,25.085,0.36914,-0.94042,0.28222,30.71
$BARO,2002.735,99078.54,30.10
$HUM,2002.642,23.7,29.5
$BARO,2002.776,99052.05,30.10
$IMU,2002.808,16.723,-142.700,27.587,0.33984,-0.90722,0.26855,30.71
$BARO,2002.816,99062.63,30.10
$MAG,2002.820,-0.234,0.052,0.390,27.6
$HUM,2002.741,23.7,29.5
$BARO,2002.857,99064.07,30.10
$IMU,2002.884,19.104,-149.291,17.150,0.31494,-0.83203,0.24658,30.65
$BARO,2002.898,99065.80,30.10
$MAG,2002.921,-0.252,0.037,0.453,27.5
$HUM,2002.841,23.6,29.5
$BARO,2002.939,99062.82,30.10
$IMU,2002.961,20.385,-185.302,-46.142,0.32128,-0.49755,0.03613,30.73
$BARO,2002.980,99066.21,30.10
$BARO,2003.020,99073.77,30.10
$MAG,2003.023,-0.360,-0.109,0.622,27.6
$HUM,2002.941,23.7,29.5
$IMU,2003.037,38.574,-287.902,-234.558,0.25341,0.01611,-0.17626,30.74
$BARO,2003.061,99072.18,30.10
$BARO,2003.102,99065.77,30.09
$IMU,2003.114,64.941,-297.851,-417.541,0.71582,0.52001,-0.28955,30.70
$MAG,2003.124,-0.297,-0.375,0.787,27.5
$HUM,2003.041,23.6,29.5
$VBAT,2003.142,4.079
$BARO,2003.143,99071.38,30.10
$BARO,2003.184,99068.99,30.10
$IMU,2003.190,40.100,-158.874,-401.062,1.13769,0.85546,-0.47607,30.75
$BARO,2003.224,99063.19,30.10
$MAG,2003.225,-0.112,-0.535,0.835,27.6
$HUM,2003.140,23.6,29.5
$BARO,2003.265,99068.79,30.10
$IMU,2003.266,-28.442,-69.458,-330.139,1.22705,1.15087,-1.06933,30.69
$BARO,2003.306,99073.38,30.10
$MAG,2003.327,-0.096,-0.543,0.841,27.5
$HUM,2003.240,23.6,29.5
$IMU,2003.343,18.798,51.757,-124.755,0.85498,1.54052,-1.36181,30.70
$BARO,2003.347,99075.52,30.10
$BARO,2003.388,99071.18,30.10
$IMU,2003.419,127.380,45.227,-75.805,0.50537,1.79150,-1.38916,30.71
$BARO,2003.428,99067.55,30.09
$MAG,2003.428,-0.082,-0.417,0.871,27.5
$HUM,2003.339,23.5,29.5
$BARO,2003.469,99060.41,30.10
$IMU,2003.496,276.428,-30.883,-109.985,0.21875,2.26660,-1.14257,30.72
$BARO,2003.510,99063.82,30.10
$HUM,2003.439,23.5,29.5
$MAG,2003.530,-0.081,-0.105,0.783,27.5
$BARO,2003.551,99067.36,30.09
$IMU,2003.572,370.422,-68.725,-133.850,0.01855,0.39453,0.05126,30.73
$BARO,2003.592,99066.75,30.09
$HUM,2003.539,23.5,29.5
$MAG,2003.631,-0.070,-0.034,0.727,27.5
$BARO,2003.632,99060.63,30.10
$IMU,2003.648,151.245,-131.774,-144.409,0.00976,0.01806,0.00537,30.75
$BARO,2003.673,99066.99,30.10
$BARO,2003.714,99056.00,30.09
$IMU,2003.725,120.361,-151.794,-143.615,0.01025,0.01611,-0.00439,30.76
$MAG,2003.732,-0.082,0.009,0.673,27.5
$HUM,2003.639,23.5,29.5
$BARO,2003.755,99071.94,30.10
$BARO,2003.796,99071.11,30.09
$IMU,2003.801,92.895,-174.072,-142.883,0.01171,0.01562,-0.01074,30.73
$MAG,2003.834,-0.099,0.018,0.643,27.5
$HUM,2003.738,23.5,29.5
$BARO,2003.836,99063.97,30.09
$BARO,2003.877,99062.58,30.10
$IMU,2003.878,60.913,-194.030,-142.211,0.01367,0.01318,-0.01562,30.72
$BARO,2003.918,99058.24,30.10
$HUM,2003.838,23.5,29.5
$MAG,2003.935,-0.108,0.006,0.675,27.3
$IMU,2003.954,19.042,-204.956,-141.845,0.01513,0.01123,-0.02246,30.75
$BARO,2003.959,99066.60,30.10
$BARO,2004.000,99081.71,30.10
$IMU,2004.031,-29.541,-199.340,-141.845,0.01318,0.00683,-0.02441,30.71
$HUM,2003.938,23.4,29.5
$MAG,2004.037,-0.084,-0.058,0.760,27.5
$BARO,2004.040,99080.88,30.10
$BARO,2004.081,99073.57,30.10
$IMU,2004.107,-82.580,-173.645,-142.028,0.00927,-0.00048,-0.03027,30.69
$BARO,2004.122,99085.44,30.09
$HUM,2004.039,23.5,29.5
$MAG,2004.138,-0.022,-0.129,0.874,27.3
$VBAT,2004.146,4.090
$BARO,2004.163,99082.69,30.09
$IMU,2004.183,-137.878,-132.751,-142.761,0.01074,0.00341,-0.05615,30.69
$BARO,2004.204,99084.05,30.09
$HUM,2004.140,23.4,29.5
$MAG,2004.240,0.459,-0.217,0.619,27.5
$BARO,2004.244,99115.50,30.10
$IMU,2004.260,-127.746,-163.879,-126.708,0.73828,1.08593,-2.22509,30.71
$BARO,2004.285,99087.47,30.09
$BARO,2004.326,99089.42,30.09
$HUM,2004.240,23.3,29.5
$IMU,2004.336,-364.310,-356.819,-266.540,2.18408,1.16748,-1.79003,30.74
$MAG,2004.341,0.447,-0.499,0.597,27.6
$BARO,2004.367,99081.08,30.09
$BARO,2004.407,99085.44,30.09
$IMU,2004.413,28.259,97.396,-335.144,1.57177,0.12646,-1.80517,30.69
$HUM,2004.339,23.4,29.5
$MAG,2004.442,0.250,-0.706,0.625,27.5
$BARO,2004.448,99072.38,30.10
$IMU,2004.489,-250.740,99.166,-341.979,0.54638,0.05566,-1.79785,30.75
$BARO,2004.489,99068.60,30.10
$BARO,2004.530,99073.72,30.10
$HUM,2004.439,23.3,29.5
$MAG,2004.544,-0.001,-0.729,0.673,27.5
$IMU,2004.566,131.575,444.808,-353.149,0.05566,0.92480,-1.78125,30.75
$BARO,2004.571,99071.55,30.09
$BARO,2004.611,99073.52,30.09
$HUM,2004.539,23.2,29.5
$IMU,2004.642,135.237,-520.629,-357.177,1.07080,1.69628,-2.28808,30.75
$MAG,2004.645,-0.069,-0.210,0.870,27.5
$BARO,2004.652,99068.75,30.09
$BARO,2004.693,99074.96,30.10
$IMU,2004.718,-102.852,-185.599,-110.290,0.86914,0.55810,-0.67919,30.72
$BARO,2004.734,99064.97,30.09
$HUM,2004.638,23.2,29.5
$MAG,2004.746,0.105,-0.181,0.067,27.5
$BARO,2004.774,99079.74,30.10
$IMU,2004.795,126.945,451.301,-20.690,0.78613,0.53271,-0.60302,30.72
$BARO,2004.815,99071.31,30.09
$HUM,2004.738,23.1,29.5
$MAG,2004.848,-0.184,-0.360,0.726,27.7
$BARO,2004.856,99076.91,30.09
$IMU,2004.871,320.121,284.675,82.458,1.73193,0.29785,-1.48632,30.71
$BARO,2004.897,99077.11,30.10
$HUM,2004.838,23.0,29.5
$BARO,2004.938,99071.31,30.09
$IMU,2004.948,-212.882,-36.376,-239.005,0.23193,-0.02099,-0.16845,30.76
$MAG,2004.949,0.279,-0.361,0.229,27.5
$BARO,2004.978,99076.52,30.09
$BARO,2005.019,99077.89,30.09
$IMU,2005.024,-24.772,-77.270,481.750,-0.65185,0.88720,0.27246,30.72
$HUM,2004.937,22.9,29.5
$MAG,2005.051,0.096,-0.664,0.528,27.5
$BARO,2005.060,99073.52,30.09
$BARO,2005.101,99077.91,30.09
$IMU,2005.101,-330.375,-122.375,347.595,0.08007,1.32910,-0.35791,30.75
$HUM,2005.037,22.9,29.5
$BARO,2005.141,99079.28,30.09
$VBAT,2005.146,4.085
$MAG,2005.152,-0.034,-0.276,0.760,27.3
$IMU,2005.177,-345.512,-15.686,302.001,0.10107,0.11425,-0.53710,30.71
$BARO,2005.182,99079.86,30.09
$BARO,2005.223,99073.30,30.09
$HUM,2005.137,22.8,29.5
$MAG,2005.253,0.040,-0.078,0.652,27.7
$IMU,2005.253,415.771,-122.131,129.516,0.23730,-0.37158,-1.05322,30.71
$BARO,2005.264,99070.94,30.09
$BARO,2005.305,99094.61,30.09
$HUM,2005.237,22.7,29.5
$IMU,2005.330,-51.208,36.743,117.248,-0.04052,-0.40039,-1.23095,30.73
$BARO,2005.345,99074.11,30.09
$MAG,2005.355,0.034,-0.165,0.730,27.6
$BARO,2005.386,99090.83,30.09
$IMU,2005.406,-90.698,43.273,79.528,0.03906,-0.14843,-0.88281,30.71
$BARO,2005.427,99079.08,30.09
$HUM,2005.337,22.6,29.5
$MAG,2005.456,0.094,-0.211,0.744,27.5
$BARO,2005.468,99083.44,30.09
$IMU,2005.483,-52.001,-30.212,-7.934,0.03369,-0.04003,-0.92871,30.72
$BARO,2005.509,99078.08,30.09
$HUM,2005.436,22.6,29.5
$BARO,2005.549,99074.69,30.09
$MAG,2005.558,0.073,-0.201,0.754,27.5
$IMU,2005.559,8.361,-19.104,-39.367,0.00097,-0.04150,-0.98925,30.72
$BARO,2005.590,99072.94,30.09
$HUM,2005.536,22.5,29.5
$BARO,2005.631,99068.97,30.09
$IMU,2005.635,-2.014,1.342,-3.112,0.01513,-0.03710,-0.99902,30.73
$MAG,2005.659,0.078,-0.204,0.756,27.5
$BARO,2005.672,99085.08,30.09
$BARO,2005.712,99076.55,30.10
$IMU,2005.712,0.488,0.122,0.183,0.01416,-0.03710,-0.99804,30.72
$HUM,2005.636,22.5,29.5
$BARO,2005.753,99087.83,30.09
$MAG,2005.760,0.072,-0.199,0.745,27.5
$IMU,2005.788,0.488,0.122,0.183,0.01513,-0.03710,-0.99804,30.73
$BARO,2005.794,99073.69,30.09
$HUM,2005.736,22.3,29.6
$BARO,2005.835,99077.08,30.09
$MAG,2005.862,0.067,-0.199,0.748,27.5
$IMU,2005.865,0.488,0.122,0.183,0.01367,-0.03759,-0.99804,30.72
$BARO,2005.876,99070.72,30.09
$BARO,2005.916,99078.47,30.09
$HUM,2005.836,22.3,29.5
$IMU,2005.941,0.488,0.122,0.183,0.01464,-0.03710,-0.99804,30.74
$BARO,2005.957,99078.15,30.10
$MAG,2005.963,0.078,-0.201,0.748,27.6
$BARO,2005.998,99079.11,30.09
$IMU,2006.018,0.488,0.122,0.183,0.01464,-0.03710,-0.99804,30.69
$HUM,2005.935,22.2,29.5
$BARO,2006.039,99079.28,30.09
$MAG,2006.065,0.061,-0.201,0.748,27.6
$BARO,2006.080,99079.47,30.09
$IMU,2006.094,0.488,0.122,0.183,0.01464,-0.03710,-0.99804,30.71
$BARO,2006.120,99083.08,30.09
$HUM,2006.034,22.2,29.5
$VBAT,2006.147,4.092
$BARO,2006.161,99073.69,30.09
$MAG,2006.166,0.070,-0.193,0.756,27.5
$IMU,2006.170,0.488,0.122,0.183,0.01464,-0.03759,-0.99755,30.70
$BARO,2006.202,99080.28,30.09
$HUM,2006.134,22.1,29.5
$BARO,2006.243,99080.67,30.09
$IMU,2006.247,0.488,0.122,0.183,0.01464,-0.03759,-0.99804,30.74
$MAG,2006.267,0.072,-0.204,0.751,27.5
$BARO,2006.284,99069.94,30.09
$IMU,2006.323,0.488,0.122,0.183,0.01513,-0.03759,-0.99853,30.72
$BARO,2006.324,99077.28,30.09
$HUM,2006.235,22.0,29.5
$BARO,2006.365,99086.27,30.09
$MAG,2006.369,0.072,-0.204,0.756,27.5
$IMU,2006.400,0.488,0.122,0.183,0.01464,-0.03808,-0.99804,30.73
$BARO,2006.406,99072.94,30.09
$HUM,2006.335,22.0,29.5
$BARO,2006.447,99078.08,30.09
$MAG,2006.470,0.072,-0.199,0.751,27.5
$IMU,2006.476,0.488,0.122,0.183,0.01513,-0.03759,-0.99755,30.73
$BARO,2006.487,99073.11,30.09
$BARO,2006.528,99066.77,30.09
$HUM,2006.435,21.9,29.5
$IMU,2006.553,0.488,0.122,0.183,0.01464,-0.03759,-0.99804,30.73
$BARO,2006.569,99081.86,30.09
$MAG,2006.571,0.072,-0.202,0.751,27.5
$BARO,2006.610,99084.83,30.09
$IMU,2006.629,0.488,0.122,0.183,0.01464,-0.03662,-0.99804,30.71
$HUM,2006.536,21.9,29.5
$BARO,2006.651,99070.72,30.09
$MAG,2006.673,0.076,-0.190,0.748,27.5
$BARO,2006.691,99064.16,30.09
$IMU,2006.705,0.488,0.122,0.183,0.01513,-0.03759,-0.99853,30.73
$BARO,2006.732,99075.33,30.09
$HUM,2006.637,21.8,29.5
$BARO,2006.773,99082.49,30.09
$MAG,2006.774,0.073,-0.201,0.748,27.5
$IMU,2006.782,0.427,0.122,0.183,0.01464,-0.03710,-0.99804,30.71
$BARO,2006.814,99079.69,30.09
$HUM,2006.737,21.8,29.5
$BARO,2006.854,99080.86,30.09
$IMU,2006.858,0.488,0.122,0.183,0.01464,-0.03710,-0.99804,30.69
$MAG,2006.875,0.070,-0.198,0.748,27.3
$BARO,2006.895,99086.03,30.09
$HUM,2006.837,21.8,29.5
$IMU,2006.935,0.488,0.122,0.183,0.01416,-0.03710,-0.99804,30.67
$BARO,2006.936,99084.44,30.09
$BARO,2006.977,99078.25,30.09
$MAG,2006.977,0.069,-0.193,0.751,27.5
$IMU,2007.011,0.488,0.122,0.183,0.01464,-0.03759,-0.99755,30.72
$BARO,2007.018,99075.13,30.09
$HUM,2006.937,21.7,29.5
$BARO,2007.058,99080.08,30.09
$MAG,2007.078,0.061,-0.199,0.753,27.5
$IMU,2007.088,0.427,0.122,0.183,0.01562,-0.03759,-0.99755,30.76
$BARO,2007.099,99072.13,30.09
$HUM,2007.036,21.7,29.5
$BARO,2007.140,99072.74,30.09
$VBAT,2007.151,4.088
$IMU,2007.164,0.427,0.122,0.183,0.01464,-0.03710,-0.99804,30.72
$MAG,2007.179,0.072,-0.199,0.750,27.5
$BARO,2007.181,99079.28,30.09
$BARO,2007.222,99070.48,30.09
$HUM,2007.136,21.7,29.5
$IMU,2007.240,10.070,2.258,40.405,0.48242,-0.39355,-1.04199,30.76
$BARO,2007.262,99072.50,30.09
$MAG,2007.281,0.019,-0.187,0.738,27.6
$BARO,2007.303,99069.53,30.09
$IMU,2007.317,76.293,136.535,132.690,0.00097,-0.75878,-0.95800,30.75
$HUM,2007.236,21.6,29.6
$BARO,2007.344,99068.92,30.09
$MAG,2007.382,-0.069,-0.085,0.675,27.5
$BARO,2007.385,99077.72,30.09
$IMU,2007.393,165.344,75.744,-47.790,1.22363,-0.75732,-0.96533,30.71
$BARO,2007.425,99070.53,30.09
$HUM,2007.335,21.6,29.5
$BARO,2007.466,99074.50,30.09
$IMU,2007.470,366.333,90.209,-155.639,1.04052,-1.25000,-1.22656,30.71
$MAG,2007.483,-0.268,-0.031,0.451,27.2
$BARO,2007.507,99065.55,30.09
$HUM,2007.435,21.6,29.5
$IMU,2007.546,271.179,77.941,-195.251,1.19775,-0.86718,-0.84130,30.70
$BARO,2007.548,99072.48,30.09
$MAG,2007.585,-0.351,-0.180,0.168,27.6
$BARO,2007.589,99066.94,30.09
$IMU,2007.622,242.797,226.806,-221.618,0.97070,-0.36865,0.10107,30.75
$BARO,2007.629,99077.28,30.09
$HUM,2007.535,21.6,29.5
$BARO,2007.670,99072.65,30.08
$MAG,2007.686,-0.190,-0.472,0.022,27.3
$IMU,2007.699,240.173,243.286,-230.102,0.58789,0.18603,0.75097,30.73
$BARO,2007.711,99070.72,30.09
$HUM,2007.636,21.6,29.5
$BARO,2007.752,99078.08,30.09
$IMU,2007.775,141.357,3.845,-124.206,0.64013,0.30517,0.91552,30.71
$MAG,2007.788,-0.148,-0.609,0.063,27.5
$BARO,2007.792,99066.94,30.09
$HUM,2007.737,21.5,29.5
$BARO,2007.833,99064.19,30.09
$IMU,2007.852,68.420,57.617,-74.707,0.10253,-0.09765,0.68896,30.71
$BARO,2007.874,99059.80,30.09
$MAG,2007.889,-0.084,-0.648,0.087,27.6
$BARO,2007.915,99067.72,30.09
$IMU,2007.928,58.105,35.583,18.981,0.11181,0.00976,0.24316,30.70
$HUM,2007.836,21.5,29.5
$BARO,2007.956,99058.19,30.09
$MAG,2007.990,-0.150,-0.648,0.103,27.5
$BARO,2007.996,99070.94,30.09
$IMU,2008.005,18.554,-70.861,25.390,0.71240,0.42578,-0.00537,30.68
$HUM,2007.936,21.5,29.5
$BARO,2008.037,99070.33,30.09
$BARO,2008.078,99062.97,30.09
$IMU,2008.081,-80.993,-18.005,3.967,0.63623,0.50244,0.06787,30.73
$MAG,2008.092,-0.168,-0.613,0.097,27.3
$BARO,2008.119,99065.75,30.09
$HUM,2008.035,21.5,29.5
$VBAT,2008.154,4.071
$IMU,2008.157,11.596,-57.128,-2.319,0.67089,0.53857,0.55126,30.71
$BARO,2008.159,99058.58,30.09
$MAG,2008.193,-0.180,-0.589,0.087,27.5
$BARO,2008.200,99069.36,30.09
$IMU,2008.234,-15.136,31.738,28.259,0.73437,0.50976,0.41259,30.73
$HUM,2008.135,21.5,29.5
$BARO,2008.241,99060.78,30.09
$BARO,2008.282,99076.28,30.09
$MAG,2008.294,-0.153,-0.610,0.084,27.6
$IMU,2008.310,32.531,50.109,20.690,0.74609,0.34570,0.79003,30.73
$BARO,2008.323,99074.30,30.09
$HUM,2008.235,21.6,29.5
$BARO,2008.363,99074.11,30.09
$IMU,2008.387,50.598,96.984,33.691,0.65722,0.43896,0.65332,30.74
$MAG,2008.396,-0.097,-0.639,0.081,27.5
$BARO,2008.404,99068.33,30.09
$HUM,2008.335,21.7,29.5
$BARO,2008.445,99073.11,30.09
$IMU,2008.463,69.152,63.964,30.944,0.56542,0.65576,0.52197,30.73
$BARO,2008.486,99073.82,30.08
$MAG,2008.497,-0.099,-0.675,0.109,27.5
$BARO,2008.527,99059.14,30.09
$HUM,2008.435,21.8,29.5
$IMU,2008.540,49.011,38.696,28.381,0.55468,0.53320,0.50830,30.74
$BARO,2008.567,99073.91,30.09
$MAG,2008.599,-0.081,-0.679,0.112,27.5
$BARO,2008.608,99073.91,30.09
$IMU,2008.616,21.362,43.029,14.465,0.70361,0.48437,0.74560,30.72
$HUM,2008.535,21.8,29.5
$BARO,2008.649,99069.48,30.09
$BARO,2008.690,99065.28,30.08
$IMU,2008.692,51.208,69.824,-0.549,0.70117,0.47949,1.07666,30.72
$MAG,2008.700,-0.012,-0.726,0.151,27.5
$HUM,2008.634,22.0,29.5
$BARO,2008.730,99063.72,30.09
$IMU,2008.769,62.316,149.047,15.930,0.23388,0.24560,-0.07275,30.70
$BARO,2008.771,99062.34,30.09
$MAG,2008.801,-0.067,-0.753,0.228,27.5
$BARO,2008.812,99054.61,30.09
$HUM,2008.734,22.0,29.5
$IMU,2008.845,121.032,-15.136,140.563,0.66845,0.65332,-0.13476,30.71
$BARO,2008.853,99068.09,30.09
$BARO,2008.894,99059.14,30.09
$MAG,2008.903,-0.156,-0.771,0.352,27.5
$IMU,2008.922,130.676,-141.845,80.505,0.94384,1.12939,-0.45214,30.73
$HUM,2008.835,22.1,29.5
$BARO,2008.934,99062.97,30.09
$BARO,2008.975,99060.17,30.09
$IMU,2008.998,-185.791,-89.721,-30.700,0.45361,0.67871,-0.12597,30.73
$MAG,2009.004,-0.145,-0.705,0.184,27.5
$BARO,2009.016,99070.33,30.09
$HUM,2008.936,22.2,29.5
$BARO,2009.057,99070.92,30.09
$IMU,2009.075,-221.496,-145.996,-71.838,0.45019,0.33984,0.22802,30.73
$BARO,2009.098,99061.34,30.08
$MAG,2009.105,-0.234,-0.636,0.138,27.3
$HUM,2009.036,22.2,29.5
$BARO,2009.138,99063.29,30.08
$IMU,2009.151,-191.894,-203.247,-44.067,0.98046,0.10791,0.37304,30.71
$VBAT,2009.159,4.077
$BARO,2009.179,99061.34,30.08
$MAG,2009.207,-0.333,-0.604,0.199,27.5
$BARO,2009.220,99059.58,30.09
$IMU,2009.227,-70.739,-179.321,-33.508,1.30664,0.09765,0.20947,30.75
$HUM,2009.137,22.2,29.5
$BARO,2009.261,99073.06,30.09
$BARO,2009.301,99067.33,30.09
$IMU,2009.304,110.778,-128.662,-49.194,1.20703,0.43603,-0.07763,30.73
$MAG,2009.308,-0.339,-0.681,0.354,27.5
$HUM,2009.237,22.3,29.5
$BARO,2009.342,99075.50,30.09
$IMU,2009.380,138.793,-55.969,-4.028,0.96435,0.87695,-0.19970,30.71
$BARO,2009.383,99067.50,30.09
$MAG,2009.409,-0.358,-0.678,0.429,27.6
$BARO,2009.424,99069.89,30.09
$HUM,2009.338,22.3,29.5
$IMU,2009.457,121.520,28.808,2.075,0.81542,0.59033,-0.44531,30.71
$BARO,2009.465,99078.25,30.09
$BARO,2009.505,99070.92,30.09
$MAG,2009.511,-0.336,-0.676,0.543,27.5
$HUM,2009.438,22.4,29.5
$IMU,2009.533,147.888,-28.503,-31.555,0.79980,0.63623,-0.35400,30.71
$BARO,2009.546,99076.08,30.09
$BARO,2009.587,99066.11,30.09
$IMU,2009.610,134.582,-17.211,-61.523,0.66650,0.55712,-0.55371,30.72
$MAG,2009.612,-0.259,-0.688,0.651,27.6
$BARO,2009.628,99063.75,30.09
$HUM,2009.539,22.4,29.5
$BARO,2009.668,99071.67,30.08
$IMU,2009.686,158.996,-47.851,-95.825,0.65039,0.34082,-0.49707,30.72
$BARO,2009.709,99066.33,30.09
$MAG,2009.713,-0.165,-0.628,0.789,27.5
$HUM,2009.640,22.4,29.5
$BARO,2009.750,99072.50,30.09
$IMU,2009.762,173.278,-51.269,-95.581,0.65332,0.29833,-0.49121,30.69
$BARO,2009.791,99076.84,30.09
$MAG,2009.815,-0.147,-0.595,0.807,27.3
$BARO,2009.832,99071.11,30.09
$HUM,2009.742,22.6,29.5
$IMU,2009.839,69.702,20.874,-60.607,0.48925,0.31542,-0.98925,30.74
$BARO,2009.872,99066.11,30.09
$BARO,2009.913,99076.64,30.09
$IMU,2009.915,5.676,31.005,-44.311,0.24853,0.14013,-1.25390,30.72
$MAG,2009.916,-0.133,-0.606,0.802,27.5
$HUM,2009.841,22.6,29.5
$BARO,2009.954,99083.27,30.09
$IMU,2009.992,16.357,-49.621,-53.955,-0.06445,0.00537,-1.27197,30.71
$BARO,2009.995,99068.70,30.09
$MAG,2010.018,-0.028,-0.594,0.832,27.5
$HUM,2009.942,22.7,29.5
$BARO,2010.036,99072.91,30.09
$IMU,2010.068,45.959,-109.436,17.883,-0.17529,-0.07910,-1.02294,30.70
$BARO,2010.076,99076.69,30.09
$BARO,2010.117,99079.64,30.09
$MAG,2010.119,0.004,-0.558,0.868,27.5
$HUM,2010.042,22.8,29.5
$IMU,2010.144,53.527,-96.496,96.191,0.07763,-0.14941,-0.88037,30.69
$BARO,2010.158,99077.28,30.09
$VBAT,2010.168,4.076
$BARO,2010.199,99082.86,30.09
$MAG,2010.220,0.031,-0.516,0.918,27.5
$IMU,2010.221,72.204,-63.598,97.656,0.34130,-0.27246,-0.69873,30.73
$HUM,2010.142,22.8,29.5
$BARO,2010.239,99079.86,30.09
$BARO,2010.280,99074.25,30.09
$IMU,2010.297,52.978,18.432,56.335,0.46777,-0.41503,-0.84179,30.72
$BARO,2010.321,99063.48,30.08
$MAG,2010.322,-0.046,-0.460,0.934,27.5
$HUM,2010.241,22.9,29.5
$BARO,2010.362,99069.14,30.09
$IMU,2010.374,50.598,63.354,43.457,0.38281,-0.33837,-1.19482,30.74
$BARO,2010.403,99076.06,30.09
$MAG,2010.423,-0.105,-0.411,0.940,27.5
$HUM,2010.341,23.0,29.5
$BARO,2010.443,99071.87,30.08
$IMU,2010.450,38.146,43.701,46.997,0.21044,-0.38183,-0.96972,30.73
$BARO,2010.484,99071.04,30.08
$MAG,2010.524,-0.124,-0.391,0.939,27.5
$BARO,2010.525,99063.31,30.08
$IMU,2010.527,21.789,29.418,46.630,0.21679,-0.47167,-0.85253,30.74
$HUM,2010.442,23.0,29.5
$BARO,2010.566,99067.31,30.09
$IMU,2010.603,5.126,-16.601,48.889,0.06884,-0.39746,-0.94580,30.70
$BARO,2010.606,99075.64,30.08
$MAG,2010.626,-0.090,-0.357,0.949,27.5
$HUM,2010.542,23.1,29.5
$BARO,2010.647,99071.67,30.09
$IMU,2010.679,33.569,-25.634,63.110,-0.01513,-0.49316,-0.90332,30.71
$BARO,2010.688,99071.84,30.08
$MAG,2010.727,-0.135,-0.286,0.937,27.5
$BARO,2010.729,99071.28,30.08
$HUM,2010.642,23.2,29.5
$IMU,2010.756,57.250,42.968,93.566,0.00927,-0.52246,-0.84570,30.69
$BARO,2010.770,99075.81,30.08
$BARO,2010.810,99070.65,30.08
$MAG,2010.828,-0.183,-0.235,0.913,27.6
$IMU,2010.832,40.100,54.382,63.781,0.02392,-0.66552,-0.77539,30.70
$HUM,2010.742,23.2,29.5
$BARO,2010.851,99072.87,30.08
$BARO,2010.892,99067.06,30.08
$IMU,2010.909,12.207,72.509,60.241,0.06542,-0.63037,-0.81591,30.68
$MAG,2010.930,-0.211,-0.196,0.879,27.6
$BARO,2010.933,99071.04,30.08
$HUM,2010.841,23.2,29.5
$BARO,2010.973,99075.01,30.08
$IMU,2010.985,16.540,52.490,62.072,0.07861,-0.65869,-0.66894,30.71
$BARO,2011.014,99065.87,30.08
$MAG,2011.031,-0.226,-0.147,0.862,27.6
$HUM,2010.941,23.3,29.5
$BARO,2011.055,99076.06,30.08
$IMU,2011.062,20.141,38.330,62.438,0.10937,-0.59472,-0.71191,30.74
$BARO,2011.096,99070.04,30.08
$HUM,2011.041,23.3,29.5
$MAG,2011.133,-0.168,-0.156,0.892,27.5
$BARO,2011.137,99072.84,30.08
$IMU,2011.138,-4.943,2.563,71.411,0.13330,-0.43457,-1.03906,30.69
$VBAT,2011.170,4.077
$BARO,2011.177,99085.39,30.09
$IMU,2011.214,-96.679,-141.723,15.014,0.74121,-0.18750,-0.95166,30.69
$BARO,2011.218,99081.40,30.08
$HUM,2011.141,23.4,29.5
$MAG,2011.234,-0.073,-0.285,0.922,27.3
$BARO,2011.259,99072.28,30.08
$IMU,2011.291,-127.685,-36.499,-168.151,0.42431,-0.25292,-0.51367,30.71
$BARO,2011.300,99076.62,30.08
$HUM,2011.240,23.3,29.5
$MAG,2011.335,-0.175,-0.478,0.870,27.5
$BARO,2011.340,99071.04,30.08
$IMU,2011.367,-109.436,146.972,-237.121,0.37451,-0.66113,-0.75146,30.72
$BARO,2011.381,99081.42,30.08
$BARO,2011.422,99086.95,30.08
$HUM,2011.340,23.4,29.5
$MAG,2011.437,-0.277,-0.382,0.831,27.5
$IMU,2011.444,100.097,147.888,-148.010,0.17187,-0.84667,-0.86621,30.71
$BARO,2011.463,99081.81,30.08
$BARO,2011.503,99077.84,30.08
$IMU,2011.520,138.549,78.063,37.902,0.28759,-0.59423,-1.01367,30.73
$HUM,2011.440,23.3,29.5
$MAG,2011.538,-0.313,-0.267,0.810,28.0
$BARO,2011.544,99073.23,30.08
$BARO,2011.585,99073.04,30.08
$IMU,2011.597,71.350,-18.920,7.141,0.49511,-0.70312,-0.91259,30.68
$BARO,2011.626,99072.48,30.08
$HUM,2011.540,23.3,29.5
$MAG,2011.639,-0.333,-0.249,0.798,27.5
$BARO,2011.667,99076.20,30.08
$IMU,2011.673,-28.015,-0.854,27.832,0.30029,-0.87841,-1.01074,30.75
$BARO,2011.707,99065.67,30.08
$HUM,2011.641,23.4,29.5
$MAG,2011.741,-0.273,-0.138,0.835,27.5
$BARO,2011.748,99068.62,30.08
$IMU,2011.749,-10.437,-53.344,70.922,0.36767,-0.64746,-0.91064,30.75
$BARO,2011.789,99077.81,30.08
$IMU,2011.826,61.828,-37.597,76.538,0.06347,-0.76269,-0.52539,30.72
$BARO,2011.830,99070.84,30.08
$HUM,2011.745,23.4,29.5
$MAG,2011.842,-0.270,0.025,0.823,27.5
$BARO,2011.870,99072.84,30.08
$IMU,2011.902,105.041,19.348,50.720,0.17871,-0.79589,-0.53173,30.71
$BARO,2011.911,99075.23,30.08
$HUM,2011.848,23.4,29.5
$MAG,2011.943,-0.271,0.166,0.802,27.5
$BARO,2011.952,99064.50,30.08
$IMU,2011.979,69.763,40.161,5.676,0.44335,-0.95263,-0.19531,30.75
$BARO,2011.993,99073.23,30.08
$BARO,2012.034,99074.06,30.08
$MAG,2012.045,-0.277,0.274,0.684,27.5
$HUM,2011.951,23.4,29.5
$IMU,2012.055,88.439,67.749,26.306,0.32373,-1.00195,-0.16552,30.70
$BARO,2012.074,99079.59,30.08
$BARO,2012.115,99078.40,30.08
$IMU,2012.131,75.561,40.527,32.043,0.15283,-0.97753,-0.10693,30.73
$MAG,2012.146,-0.294,0.289,0.612,27.5
$BARO,2012.156,99068.26,30.08
$HUM,2012.055,23.4,29.5
$VBAT,2012.192,4.098
$BARO,2012.197,99072.04,30.08
$IMU,2012.208,2.258,46.264,-10.070,0.34765,-0.93017,-0.17041,30.72
$BARO,2012.237,99086.56,30.08
$MAG,2012.247,-0.321,0.291,0.570,27.6
$HUM,2012.158,23.4,29.5
$BARO,2012.278,99078.81,30.08
$IMU,2012.284,11.108,61.462,-5.798,0.38720,-0.91748,-0.17822,30.74
$BARO,2012.319,99072.04,30.08
$MAG,2012.349,-0.361,0.294,0.501,27.5
$HUM,2012.258,23.3,29.5
$BARO,2012.360,99081.59,30.08
$IMU,2012.361,30.700,65.490,-9.704,0.51562,-0.91357,-0.33935,30.70
$BARO,2012.401,99072.79,30.08
$IMU,2012.437,48.461,50.476,-53.466,1.12939,-0.57324,-0.88232,30.72
$BARO,2012.441,99070.65,30.08
$MAG,2012.450,-0.471,0.129,0.562,27.5
$HUM,2012.358,23.3,29.5
$BARO,2012.482,99070.82,30.08
$IMU,2012.514,-49.743,5.493,-111.328,1.20898,-0.49951,-0.11181,30.70
$BARO,2012.523,99069.06,30.08
$HUM,2012.458,23.3,29.5
$MAG,2012.551,-0.435,-0.414,0.549,27.5
$BARO,2012.564,99070.84,30.08
$IMU,2012.590,-156.127,85.083,-289.123,1.16796,-0.89550,0.26611,30.71
$BARO,2012.604,99078.84,30.08
$BARO,2012.645,99082.37,30.08
$HUM,2012.557,23.3,29.5
$MAG,2012.653,-0.363,-0.642,0.457,27.5
$IMU,2012.666,-98.754,60.852,-334.533,1.03222,-0.60546,-0.42626,30.72
$BARO,2012.686,99062.90,30.08
$BARO,2012.727,99069.62,30.08
$IMU,2012.743,-76.599,-207.580,-282.226,1.31884,-0.33984,-0.14306,30.69
$HUM,2012.657,23.2,29.5
$MAG,2012.754,-0.186,-0.763,0.373,27.5
$BARO,2012.768,99072.84,30.08
$BARO,2012.808,99078.76,30.08
$IMU,2012.819,-204.589,21.789,-98.754,0.70996,-0.16210,-0.05468,30.73
$HUM,2012.757,23.3,29.5
$BARO,2012.849,99064.29,30.08
$MAG,2012.855,-0.063,-0.795,0.394,27.6
$BARO,2012.890,99063.29,30.08
$IMU,2012.896,15.380,-186.889,-188.659,0.83593,0.52099,-0.39404,30.71
$BARO,2012.931,99060.65,30.07
$HUM,2012.857,23.2,29.5
$MAG,2012.957,0.085,-0.804,0.400,27.5
$BARO,2012.971,99066.87,30.08
$IMU,2012.972,-5.554,-75.500,-153.503,0.57666,0.67089,-0.39648,30.72
$BARO,2013.012,99072.40,30.08
$IMU,2013.049,31.982,60.974,16.601,0.17480,0.96337,-0.75390,30.76
$HUM,2012.956,23.2,29.5
$BARO,2013.053,99075.18,30.08
$MAG,2013.058,0.049,-0.802,0.465,27.5
$BARO,2013.094,99065.24,30.08
$IMU,2013.125,29.113,104.125,63.232,0.31005,1.13037,-0.80712,30.69
$BARO,2013.134,99067.45,30.08
$HUM,2013.056,23.2,29.5
$MAG,2013.159,-0.012,-0.808,0.501,27.5
$BARO,2013.175,99062.65,30.08
$VBAT,2013.192,4.085
$IMU,2013.201,36.926,114.746,17.150,0.11230,0.99267,-0.60937,30.74
$BARO,2013.216,99065.07,30.08
$HUM,2013.156,23.2,29.5
$BARO,2013.257,99060.46,30.08
$MAG,2013.261,0.060,-0.811,0.444,27.5
$IMU,2013.278,-64.819,53.466,-87.768,0.24121,0.97607,-0.19482,30.71
$BARO,2013.298,99061.46,30.08
$BARO,2013.338,99079.59,30.08
$HUM,2013.256,23.3,29.5
$IMU,2013.354,-146.972,84.655,-98.754,0.16699,0.88916,0.09619,30.72
$MAG,2013.362,0.115,-0.783,0.327,27.6
$BARO,2013.379,99071.40,30.08
$BARO,2013.420,99064.43,30.08
$IMU,2013.431,-154.846,176.757,41.931,0.17822,1.00634,0.36083,30.70
$HUM,2013.356,23.3,29.5
$BARO,2013.461,99076.62,30.08
$MAG,2013.463,0.093,-0.742,0.213,27.6
$BARO,2013.501,99076.94,30.07
$IMU,2013.507,-184.875,234.741,119.323,0.13574,0.67480,0.62695,30.69
$BARO,2013.542,99060.26,30.08
$HUM,2013.456,23.3,29.5
$MAG,2013.565,0.111,-0.694,0.144,27.5
$BARO,2013.583,99064.09,30.08
$IMU,2013.584,-139.648,173.217,99.426,0.04589,0.38134,0.65087,30.69
$BARO,2013.624,99058.48,30.08
$HUM,2013.555,23.3,29.5
$IMU,2013.660,49.194,65.429,15.686,0.02392,0.44628,0.89550,30.67
$BARO,2013.665,99067.87,30.08
$MAG,2013.666,0.136,-0.730,0.225,27.5
$BARO,2013.705,99066.26,30.08
$IMU,2013.736,53.039,18.615,17.028,0.09326,0.55029,0.66406,30.70
$HUM,2013.655,23.3,29.5
$BARO,2013.746,99073.40,30.08
$MAG,2013.767,0.126,-0.744,0.270,27.5
$BARO,2013.787,99070.21,30.08
$IMU,2013.813,39.916,10.986,37.963,0.11132,0.66601,0.64062,30.73
$BARO,2013.828,99067.02,30.08
$HUM,2013.755,23.3,29.5
$BARO,2013.869,99071.35,30.07
$MAG,2013.869,0.097,-0.729,0.280,27.5
$IMU,2013.889,10.498,-36.865,36.865,0.31396,0.61425,0.83349,30.71
$BARO,2013.909,99076.74,30.07
$HUM,2013.854,23.3,29.5
$BARO,2013.950,99071.16,30.07
$IMU,2013.966,80.383,-95.458,35.461,0.48144,0.56298,0.75048,30.72
$MAG,2013.970,0.058,-0.735,0.364,27.5
$BARO,2013.991,99060.07,30.08
$BARO,2014.032,99060.85,30.07
$IMU,2014.042,128.356,-129.516,44.128,0.73535,0.87304,0.49316,30.71
$HUM,2013.954,23.3,29.5
$MAG,2014.072,0.039,-0.733,0.414,27.5
$BARO,2014.073,99081.15,30.07
$BARO,2014.113,99073.99,30.07
$IMU,2014.118,109.375,-84.350,4.150,0.55175,0.79052,0.03222,30.67
$HUM,2014.053,23.3,29.5
$BARO,2014.154,99060.46,30.08
$MAG,2014.173,0.079,-0.732,0.460,27.3
$VBAT,2014.193,4.090
$BARO,2014.195,99065.60,30.07
$IMU,2014.195,117.614,-173.828,-49.499,0.38281,0.83593,-0.04980,30.67
$BARO,2014.236,99072.40,30.08
$HUM,2014.153,23.3,29.5
$IMU,2014.271,116.760,-190.002,-5.737,0.37109,0.84960,-0.33935,30.71
$MAG,2014.274,0.042,-0.729,0.502,27.5
$BARO,2014.276,99068.99,30.07
$BARO,2014.317,99060.63,30.07
$IMU,2014.348,116.394,-190.612,75.866,0.42382,0.69873,-0.50927,30.66
$HUM,2014.254,23.3,29.5
$BARO,2014.358,99071.99,30.08
$MAG,2014.376,0.063,-0.750,0.526,27.6
$BARO,2014.399,99063.85,30.07
$IMU,2014.424,149.841,-246.643,-22.888,0.14794,0.57128,-0.88281,30.67
$BARO,2014.440,99072.21,30.07
$HUM,2014.354,23.3,29.5
$MAG,2014.477,0.120,-0.738,0.622,27.6
$BARO,2014.480,99070.96,30.07
$IMU,2014.501,222.167,-217.956,-26.977,-0.22900,0.33203,-0.98437,30.68
$BARO,2014.521,99069.82,30.08
$HUM,2014.455,23.3,29.5
$BARO,2014.562,99074.16,30.07
$IMU,2014.577,72.326,-64.697,-26.123,-0.32470,0.04785,-0.84814,30.69
$MAG,2014.578,0.153,-0.717,0.607,27.8
$BARO,2014.603,99068.58,30.07
$BARO,2014.643,99078.57,30.08
$HUM,2014.556,23.3,29.5
$IMU,2014.653,54.504,-37.719,-7.263,-0.46728,0.00390,-0.84326,30.72
$MAG,2014.680,0.196,-0.733,0.693,27.5
$BARO,2014.684,99065.99,30.07
$BARO,2014.725,99061.77,30.07
$IMU,2014.730,173.889,-106.811,-69.702,-0.40136,-0.18261,-0.83593,30.67
$HUM,2014.656,23.3,29.5
$BARO,2014.766,99075.16,30.07
$MAG,2014.781,0.237,-0.736,0.732,27.7
$IMU,2014.806,133.911,-36.193,-87.158,-0.59179,-0.48632,-0.86621,30.71
$BARO,2014.807,99069.77,30.07
$BARO,2014.847,99063.60,30.07
$HUM,2014.756,23.3,29.5
$MAG,2014.882,0.363,-0.561,0.855,27.5
$IMU,2014.883,227.294,-86.486,-134.277,-0.47265,-0.78222,-0.32226,30.71
$BARO,2014.888,99071.52,30.07
$BARO,2014.929,99076.33,30.07
$HUM,2014.856,23.3,29.5
$IMU,2014.959,191.284,-95.520,-136.291,-0.37939,-0.92431,-0.00439,30.69
$BARO,2014.970,99065.80,30.07
$MAG,2014.984,0.528,-0.310,0.850,27.5
$BARO,2015.010,99065.60,30.07
$IMU,2015.036,81.359,-101.196,-139.953,-0.03515,-1.02050,0.08740,30.67
$BARO,2015.051,99070.96,30.07
$HUM,2014.956,23.3,29.5
$MAG,2015.085,0.535,-0.259,0.810,27.6
$BARO,2015.092,99066.60,30.07
$IMU,2015.112,-14.465,-38.269,-32.043,-0.07080,-0.98779,0.10205,30.70
$BARO,2015.133,99065.43,30.08
$HUM,2015.056,23.3,29.5
$BARO,2015.174,99068.99,30.07
$MAG,2015.186,0.576,-0.240,0.754,27.5
$IMU,2015.188,-36.987,-36.071,-10.498,-0.22265,-0.92041,0.03173,30.69
$VBAT,2015.199,4.079
$BARO,2015.214,99070.94,30.07
$HUM,2015.155,23.3,29.5
$BARO,2015.255,99070.96,30.07
$IMU,2015.265,-112.060,-210.021,-125.183,0.26611,-1.07128,-0.12402,30.71
$MAG,2015.288,0.616,-0.183,0.625,27.5
$BARO,2015.296,99065.60,30.07
$BARO,2015.337,99068.58,30.07
$IMU,2015.341,-151.550,-94.055,-8.422,0.01904,-0.84423,-0.37988,30.67
$HUM,2015.255,23.4,29.5
$BARO,2015.378,99069.94,30.07
$MAG,2015.389,0.657,-0.321,0.547,27.5
$IMU,2015.418,-87.951,-60.180,49.987,0.02441,-0.87158,-0.49707,30.71
$BARO,2015.418,99063.99,30.07
$HUM,2015.355,23.4,29.5
$BARO,2015.459,99078.13,30.07
$MAG,2015.490,0.660,-0.469,0.426,27.5
$IMU,2015.494,-102.416,-76.599,85.632,-0.14501,-0.79052,-0.63916,30.71
$BARO,2015.500,99071.96,30.07
$BARO,2015.541,99072.16,30.07
$HUM,2015.455,23.4,29.5
$IMU,2015.571,-135.375,-51.391,101.440,-0.36669,-0.60546,-0.81494,30.67
$BARO,2015.582,99072.21,30.08
$MAG,2015.592,0.642,-0.525,0.382,27.7
$BARO,2015.622,99070.77,30.07
$HUM,2015.555,23.4,29.5
$IMU,2015.647,12.084,-68.725,63.110,-0.44824,-0.62890,-0.70263,30.66
$BARO,2015.663,99072.99,30.07
$MAG,2015.693,0.583,-0.588,0.303,27.5
$BARO,2015.704,99068.62,30.08
$IMU,2015.723,-80.566,-81.420,145.629,-0.52685,-0.31445,-0.57568,30.71
$HUM,2015.654,23.5,29.5
$BARO,2015.745,99071.35,30.07
$BARO,2015.786,99067.19,30.07
$MAG,2015.794,0.493,-0.708,0.118,27.5
$IMU,2015.800,-173.950,-110.595,181.823,-0.72119,0.04638,-0.66650,30.69
$BARO,2015.826,99064.99,30.07
$HUM,2015.754,23.6,29.5
$BARO,2015.867,99067.43,30.07
$IMU,2015.876,-85.510,-171.997,85.144,-1.01611,0.37304,-0.30517,30.74
$MAG,2015.896,0.450,-0.711,0.010,27.5
$BARO,2015.908,99076.74,30.07
$BARO,2015.949,99068.43,30.08
$HUM,2015.854,23.6,29.5
$IMU,2015.953,-66.772,-64.697,9.338,-0.92919,0.32910,-0.22265,30.74
$BARO,2015.990,99067.82,30.08
$MAG,2015.997,0.423,-0.628,0.024,27.5
$IMU,2016.029,30.578,-14.282,-97.900,-0.92724,0.08496,-0.20898,30.68
$BARO,2016.030,99069.57,30.07
$HUM,2015.954,23.8,29.5
$BARO,2016.071,99058.00,30.07
$MAG,2016.098,0.451,-0.573,0.063,27.6
$IMU,2016.105,76.110,16.906,-139.221,-1.05615,-0.23388,-0.25683,30.70
$BARO,2016.112,99065.24,30.08
$HUM,2016.053,23.9,29.5
$BARO,2016.153,99058.48,30.07
$IMU,2016.182,30.517,56.457,-39.794,-0.70214,-0.11132,-0.15576,30.69
$BARO,2016.194,99063.80,30.07
$VBAT,2016.199,4.079
$MAG,2016.200,0.529,-0.598,0.141,27.6
$BARO,2016.234,99066.60,30.07
$HUM,2016.153,24.1,29.5
$IMU,2016.258,40.283,100.158,-37.597,-0.82763,-0.22509,-0.41162,30.69
$BARO,2016.275,99063.02,30.07
$MAG,2016.301,0.565,-0.690,0.150,27.5
$BARO,2016.316,99063.41,30.07
$IMU,2016.335,63.415,74.890,-51.635,-0.91894,-0.47998,-0.71582,30.69
$HUM,2016.252,24.2,29.5
$BARO,2016.357,99059.82,30.07
$BARO,2016.398,99061.41,30.07
$MAG,2016.402,0.666,-0.657,0.090,27.5
$IMU,2016.411,130.310,-85.754,-127.929,-0.74121,-0.46923,-0.41357,30.69
$BARO,2016.438,99070.77,30.07
$HUM,2016.352,24.4,29.5
$BARO,2016.479,99074.38,30.07
$IMU,2016.488,243.469,-130.065,-300.964,-0.40869,-0.90917,0.11132,30.73
$MAG,2016.504,0.834,-0.369,-0.048,27.6
$BARO,2016.520,99072.55,30.07
$HUM,2016.451,24.6,29.5
$BARO,2016.561,99074.74,30.07
$IMU,2016.564,154.235,-73.730,-182.556,-0.06396,-0.90087,0.40576,30.69
$BARO,2016.601,99074.55,30.07
$MAG,2016.605,0.807,-0.271,-0.097,27.5
$IMU,2016.640,45.166,-26.367,-63.171,-0.00390,-0.94042,0.41015,30.72
$BARO,2016.642,99070.38,30.07
$HUM,2016.551,24.8,29.5
$BARO,2016.683,99075.16,30.07
$MAG,2016.706,0.636,-0.246,-0.106,27.5
$IMU,2016.717,60.180,-44.006,-44.311,0.08935,-0.89453,0.49658,30.69
$BARO,2016.724,99066.19,30.07
$HUM,2016.652,25.0,29.5
$BARO,2016.765,99061.26,30.07
$IMU,2016.793,69.335,-52.856,-48.156,0.20166,-0.66552,0.59423,30.69
$BARO,2016.805,99060.21,30.07
$MAG,2016.808,0.510,-0.255,-0.151,27.5
$HUM,2016.752,25.2,29.5
$BARO,2016.846,99060.46,30.07
$IMU,2016.870,102.355,-48.339,-61.279,0.32177,-0.56591,0.78417,30.67
$BARO,2016.887,99053.46,30.07
$MAG,2016.909,0.373,-0.526,-0.115,27.5
$BARO,2016.928,99060.78,30.07
$IMU,2016.946,157.287,-37.231,-20.263,0.44433,-0.45556,0.86376,30.68
$HUM,2016.852,25.3,29.5
$BARO,2016.969,99061.21,30.07
$BARO,2017.009,99065.36,30.07
$MAG,2017.010,0.229,-0.643,0.046,27.5
$IMU,2017.023,101.440,-22.460,34.851,0.39990,-0.55029,0.82763,30.69
$HUM,2016.952,25.5,29.5
$BARO,2017.050,99064.36,30.07
$BARO,2017.091,99059.80,30.07
$IMU,2017.099,-30.456,-0.732,27.648,0.35839,-0.46728,0.58300,30.67
$MAG,2017.112,0.312,-0.688,0.051,27.6
$BARO,2017.132,99066.19,30.07
$HUM,2017.052,25.7,29.5
$BARO,2017.173,99069.75,30.07
$IMU,2017.175,-56.640,42.785,37.841,0.37304,-0.60791,0.92187,30.72
$VBAT,2017.205,4.076
$BARO,2017.213,99069.38,30.07
$MAG,2017.213,0.489,-0.682,-0.108,27.5
$HUM,2017.153,25.9,29.5
$IMU,2017.252,-99.670,-2.258,33.447,0.18359,-0.55078,0.71728,30.72
$BARO,2017.254,99069.01,30.08
$BARO,2017.295,99069.21,30.07
$MAG,2017.314,0.474,-0.805,-0.028,27.5
$IMU,2017.328,44.799,-14.587,23.681,0.25634,-0.71337,0.94091,30.71
$BARO,2017.336,99065.41,30.07
$HUM,2017.257,26.0,29.5
$BARO,2017.376,99064.97,30.07
$IMU,2017.405,-9.216,-25.451,15.563,0.27832,-0.62939,0.61816,30.67
$MAG,2017.416,0.405,-0.780,-0.028,27.5
$BARO,2017.417,99067.99,30.07
$HUM,2017.360,26.2,29.5
$BARO,2017.458,99061.41,30.07
$IMU,2017.481,5.432,-6.347,0.671,0.28027,-0.59326,0.71142,30.72
$BARO,2017.499,99066.16,30.07
$MAG,2017.517,0.436,-0.799,-0.033,27.5
$BARO,2017.540,99068.55,30.07
$IMU,2017.558,-1.281,-3.051,6.835,0.28271,-0.65625,0.75732,30.71
$HUM,2017.463,26.3,29.5
$BARO,2017.580,99070.57,30.07
$MAG,2017.618,0.435,-0.808,-0.027,27.5
$BARO,2017.621,99074.30,30.07
$IMU,2017.634,9.521,-3.967,-2.685,0.30175,-0.66162,0.75927,30.65
$BARO,2017.662,99065.60,30.07
$HUM,2017.567,26.4,29.5
$BARO,2017.703,99071.13,30.07
$IMU,2017.710,-10.498,21.911,-7.202,0.23388,-0.62695,0.71875,30.65
$MAG,2017.720,0.468,-0.792,-0.004,27.5
$BARO,2017.744,99085.69,30.07
$HUM,2017.670,26.6,29.5
$BARO,2017.784,99076.13,30.07
$IMU,2017.787,62.866,5.737,-9.399,0.28417,-0.59765,0.86767,30.69
$MAG,2017.821,0.379,-0.739,0.006,27.5
$BARO,2017.825,99069.75,30.07
$IMU,2017.863,5.920,-20.080,-0.305,0.30029,-0.52343,0.73779,30.68
$BARO,2017.866,99068.19,30.07
$HUM,2017.774,26.6,29.5
$BARO,2017.907,99066.38,30.07
$MAG,2017.922,0.363,-0.732,-0.018,27.6
$IMU,2017.940,-8.972,-12.695,0.610,0.31787,-0.53369,0.77294,30.69
$BARO,2017.948,99073.52,30.07
$HUM,2017.878,26.7,29.5
$BARO,2017.988,99068.55,30.07
$IMU,2018.016,21.423,-2.624,-1.220,0.31982,-0.54443,0.79833,30.71
$MAG,2018.024,0.372,-0.747,0.009,27.5
$BARO,2018.029,99059.36,30.06
$BARO,2018.070,99063.60,30.07
$HUM,2017.981,26.8,29.5
$IMU,2018.093,31.250,-4.028,-5.798,0.32324,-0.50537,0.81835,30.69
$BARO,2018.111,99077.67,30.06
$MAG,2018.125,0.355,-0.738,0.016,27.5
$BARO,2018.152,99071.13,30.07
$IMU,2018.169,5.798,-5.371,-0.793,0.35107,-0.52197,0.83642,30.68
$HUM,2018.084,26.9,29.5
$BARO,2018.192,99073.50,30.06
$MAG,2018.226,0.345,-0.711,-0.024,27.5
$BARO,2018.233,99068.67,30.06
$VBAT,2018.244,4.072
$IMU,2018.245,1.342,-6.408,-3.295,0.34326,-0.52978,0.82958,30.69
$BARO,2018.274,99071.33,30.07
$HUM,2018.188,26.9,29.5
$BARO,2018.315,99071.52,30.07
$IMU,2018.322,16.540,-12.939,1.159,0.34619,-0.42138,0.80322,30.71
$MAG,2018.328,0.294,-0.672,-0.030,27.5
$BARO,2018.355,99061.58,30.07
$HUM,2018.291,26.9,29.5
$BARO,2018.396,99066.92,30.06
$IMU,2018.398,13.183,-5.187,3.295,0.35693,-0.42480,0.83544,30.69
$MAG,2018.429,0.280,-0.681,-0.025,27.6
$BARO,2018.437,99063.77,30.07
$IMU,2018.475,7.202,-2.746,1.098,0.36914,-0.42968,0.81152,30.71
$BARO,2018.478,99059.19,30.07
$HUM,2018.393,26.9,29.5
$BARO,2018.519,99068.55,30.07
$MAG,2018.530,0.291,-0.696,-0.004,27.5
$IMU,2018.551,8.666,0.183,-1.892,0.37695,-0.44238,0.85253,30.69
$BARO,2018.559,99069.33,30.07
$HUM,2018.493,26.9,29.5
$BARO,2018.600,99070.53,30.07
$IMU,2018.627,18.127,-3.845,-3.723,0.38525,-0.41552,0.85888,30.70
$MAG,2018.632,0.267,-0.703,0.018,27.5
$BARO,2018.641,99058.05,30.07
$BARO,2018.682,99072.72,30.07
$HUM,2018.592,26.9,29.5
$IMU,2018.704,18.127,-5.004,-0.854,0.38623,-0.37109,0.85644,30.66
$BARO,2018.723,99069.55,30.07
$MAG,2018.733,0.253,-0.702,0.031,27.5
$BARO,2018.763,99061.95,30.06
$IMU,2018.780,5.981,-0.976,2.563,0.38769,-0.37695,0.86669,30.66
$HUM,2018.692,26.9,29.5
$BARO,2018.804,99069.55,30.07
